,class,conversation
0,일반 대화,대학 수업이라는게 진짜 어렵더라고너도 진짜 어려운 시험이었나보다
1,일반 대화,곧 갈 수는 있는 거지? ㅋㅋ죽기 전엔 가지 않을까 싶어 ㅋㅋ
2,일반 대화,"나는 버스가 흔들거리는 것도 좋고, 의자도 편하고, 무엇보다 풍경을 잘 볼 수 있다는 게 좋아.오 그렇구나! 난 버스 오래 타면 멀미나더라고. 흔들거리는 게 싫어."
3,일반 대화,나는 스터디 카페가 공부가 잘되서 이용하긴 하는데 너무 비싸요즘 독서실이 다 사라지고 스터디 카페가 생겼더라
4,일반 대화,나는 스트릿룩이 좋더라 남자답고.스트릿룩 언니 남친한테 잘어울리겠다!
5,일반 대화,"고양이 등에 털이 왕창 뽑혔어!와, 무슨 일이래, 누가 잡아 뜯은 거야?"
6,일반 대화,다들 이번 추석때 본가 다녀왔어?나는 할머니댁 다녀왔어
7,일반 대화,다이어트는 잘 되가냐 ㅋㅋ삼일째 야식은 아넉엇엉/안먹엇엉
8,일반 대화,"응... ㅋㅋ 볼터치랑 과하게 하고 다니던 시절 생각하면 조금 민망해ㅋㅋ 근데 또 그때는 그렇게 하는게 유행이기도 했고,, 어렸으니까..."
9,일반 대화,이렇게 합리화 하지 마라 이건 가스라이팅이야가스라이팅 같은 소리 하네 어디서 또 주워들어와서
10,일반 대화,그럼 남반구의 산타 할아버지한테 부탁 해 볼까?남반구는 크리스마스에 너무 더워서 산타 할아버지도 열사병으로 쉬지 않으실까?
11,일반 대화,ㅋㅋ 학창시절 내용이랬나?맞아 되게 청순 로맨스 내용이야 하하
12,일반 대화,수요는 떨어지는데 사료 가격이나 인건비는 계속 올라서 그렇다나봐.그럼 어쩔 수 없긴 하네.
13,일반 대화,그러니까 배부른 소리 하지마너도 다니면 알게 될걸?
14,일반 대화,ㅋㅋ 어어...때마침 오봉에서 전화옴전화? 왜?
15,일반 대화,동물병원 가봤어?나는 갈 일이 없지.
16,일반 대화,왜 강행했어 ㅠ 그게 가능?응 하나뿐인 신행이니까 가보자 하고 갔찌... 우비만 입고 ㅋㅋ
17,일반 대화,멋진데...?당연하지~!
18,일반 대화,나 친구 집들이 선물 살라는데 주변에서 거기 이쁜 거 많다길래나도 들어보긴 했음./근데 실제로 써본 적은 없네 ㅜ
19,일반 대화,가서 사진도 많이 찍자!dslr챙겨가야겠다
20,일반 대화,텀블러 컵 안에 있어서 빼먹고픈데 안되니까 웅웅 거리나봐 ㅋㅋ왜 거기에 넣었어/어쩐지 옴청 웅웅거리면서 가만히 서있더라
21,일반 대화,맞아 어떤 일이 있을지도 몰라조심해서 나쁠 건 없지
22,일반 대화,경포대 갔는데 비가 와서 파도가 너무 무서웠어아 위험하긴 했겠다 ㅠㅠ/1박 2일은 어딜가든 짧아 ㅠㅠ
23,일반 대화,던킨보단 크리스피도넛이 더 맛나지 않아?난 크리스피 다양하게 안먹어 봐서 모르겠어
24,일반 대화,택배 보냈는데 확인 좀택배 뭐 보냈는데? ㅋㅋ
25,일반 대화,저번주에 침 맞았는데 효과 하나도 없더라아 그래?  난 근육통 오면 한의원 가서 침 맞으면 바로 낫더라고~
26,일반 대화,그 정도면 프로 게이머 해도 됐겠는걸!아니야 중독성이 심한 게임이라 이만 시간 한사람도 있다던데?
27,일반 대화,이 게임도 진짜 많이 했는데 ㅋㅋㅋㅋ 맞아 그건 나도 재밌게 했던 거 같아 ㅋㅋ
28,일반 대화,응 많기는 한데 어떻게 가르쳐야 할지 모르겠어.너가 배운대로 가르쳐 봐.
29,일반 대화,아무래도 같은 세대를 보낸 사람들이랑 대화도 더 잘 통하고 재밌지 ㅋㅋㅋㅋ 맞아 대화 잘 통하는 게 제일 중요하지 연애 때는
30,일반 대화,하하 얼마나 만났어 너나 지금 300일정도? 하하 행복
31,일반 대화,나는 문자 sns로  많이 왔어!ㅋㅋ 아 그래?/그래서 난 메일 정리 항상 했어야 됐어 ㅠㅠ
32,일반 대화,한 10명은 있어야 재밌는뒤...ㅋㅋ 학교 때 재미있었지
33,일반 대화,맞아 유명한 머리야그거 아무나 못 하는 머리야
34,일반 대화,많이는 아니구나잘 몰랐던 사실이네
35,일반 대화,하루종일 긁어줘야 할걸요?아그런거야?? ㅋㅋ 할...수 있지 하하/나는 요즘 물고기 키운고 있어
36,일반 대화,나라에서 지원도 많아.요즘 전기차 많더라.
37,일반 대화,이번에 자전거에 부딪혔어지나가는 자전거에 부딪힌거야?
38,일반 대화,나는 얼굴만 10개 뺐어.너는 점이 많았구나.
39,일반 대화,웅웅 이제 쓰는 게 편해졌어하하 오우 완전 다행이다
40,일반 대화,정말 누구하나 괜찮은 사람이 없냐맞아 차라리 내가 나가야겠어
41,일반 대화,진짜 거기가면 동물키우는 사람 많구나느껴고양이는 산책하기 힘들지
42,일반 대화,푸른 바다랑 각종 해산물이 유명해.아 그렇구나. 오빠 해산물 좋아하지 않아?
43,일반 대화,흠 일단 이번 달은 못 만날 거 같고 그냥 혼자 보러 가야지!웅 봐 바 혼자도 볼만해
44,일반 대화,뭐야 너 2명이야? ㅋㅋ엄마가 이거 보면 서운해할 것 같아서
45,일반 대화,수영 수업 두 번 듣는 것도 되는 거야? ㅋㅋ자유수양 하는 곳 있어/ㅌㅌ즇지
46,일반 대화,비대면으로 수업들으면 과제가 밀릴 수 밖에 없어 ㅋㅋ너도 그래?/학교 아직 비대면 수업이잖아!
47,일반 대화,맞아 동네가 다 다르면 괜찮은거 같아ㅋㅋ 이번엔 어떤 동네를 갈까
48,일반 대화,쟤 때문에 넘 잠 와 ...나두 너무 졸리다 ...
49,일반 대화,문법 모르는데 그냥 아는거 같은거 찍으면 답이래 대박몸에 익숙하니까 그런 거 아니야ㅠㅠ
50,일반 대화,이제 추워서 못 타ㅋㅋ 딱 지금 시기가 오픈카 타기 좋다
51,일반 대화,개 아프지?웅 선택은 할 수 있고 아프진 않아 ㅋㅋ 마취를 해서
52,일반 대화,나중에 보령에 여행가보고 싶어!보령은 갑자기왜?
53,일반 대화,상반기 하반기 두 번 신청할 수 있더라.교통비는 뭐로 돌려받는 거야?
54,일반 대화,엌 ㅋㅋ 지난달부터 바꾸더라 할인폭도 줄이고나는 딱히 살게 없다...
55,일반 대화,어 나도 최근에 알고 깜짝 놀랬어!점심은 거기에서 주로 먹겠네?
56,일반 대화,ㅋㅋ 내가 니 취향 알아줬다ㅋㅋ 알라딘 진짜 최고
57,일반 대화,응응 30분만에 진입해서 다행이야 ㅋㅋ 뉴스에 나왔더라구크게 안 번져서 다행이지 ㅠㅠ/근데 뉴스에 나올 정도면 규모가 좀 되야 나오지 않아? ㅠㅠ
58,일반 대화,"사회초년생인데 좀 봐달라고~난 청년이라고,"
59,일반 대화,뭐 당뇨? 우리 나이에도 당뇨가 걸려?당연하지/요즘 젊은 사람들 당뇨 엄청 많이 걸려~
60,일반 대화,그러게 그래도 연애는 같이 하는거니까 대화를 해봐야지꼭 잘 해결되면 좋겠는데 어려운 문제다
61,일반 대화,그랬는데?그래서 그 사람이 이렇게 말했거든?/모든 순간 순간을 살 거라고.
62,일반 대화,나 하러 간다하고 재미있으면 나도 할래
63,일반 대화,넌 기념일 챙기는 편이야?응 나는 무조건 챙겨!
64,일반 대화,완전 비교될 것 같아그런걸로 괜히 주눅들지 마
65,일반 대화,과목보다는 일단 공부를 열심히 하는게 제일 중요하지ㅋㅋ 뼈맞았어 선생님같은 소리하네
66,일반 대화,호라 무슨 곱창이지 ?볶던데 볶으면 돼진가?
67,일반 대화,내가 집에서 오늘 애들 셀프 미용 해 줬다?오래 안 걸렸어?/나는 기본 한 시간이던데
68,일반 대화,우리는 일본 사회 따라간다고 하니까 ㅠㅠ진짜 이리 치이고 저리 치이고 힘들다 흑흑
69,일반 대화,약간 아프면서도 시원한 느낌이야두피 건강이 탈모에 중요하대
70,일반 대화,기사님 오시는데 며칠 걸린다고 하니까 며칠은 참고 사는 수 밖에 없지 뭐.어쩐지 요즘 들어 하수구 악취도 나고 물이 잘 안 빠지더라고.
71,일반 대화,너 요즘에 건강은 어때?요즘 술 때문에 좋은 편은 아니야
72,일반 대화,"응, 그리고 직장을 구할 경우에도 일산은 가까우니까 많이 출퇴근 하기도 하지맞아, 우리 지역에서 일하는 사람은 드물지. 언니도 전 직장이 일산에 있었잖아"
73,일반 대화,넌 지금까지 다녀 본 여행지중에 어디가 제일 좋았어?난 이번에 갔다 온 강원도가 제일 좋았어 ㅠㅠ 너는?
74,일반 대화,게임 전시회에 대해서 알아?이번에 지스타 2021을 진행한다고 하더라
75,일반 대화,요즘 기분이 많이 안좋겠다좋아하던 선수가 이적하는 경험을 많이 겪었거든
76,일반 대화,나도 특정 음식 먹으면 항상 볼에 뾰루지가 나난 밀가루 음식을 많이 먹으면 그런 것 같아
77,일반 대화,보톡스 맞아본 적 있어?보톡스? 아니 ? 너 맞으러 가려고?
78,일반 대화,"그치! 이번 주말에 또 비 오면 더 추워질 거래ㅠㅜ 비야 그만 와 제발, 넘 많이 와"
79,일반 대화,와... 그러면 윗집 잘 만나는 거 아닌 이상 매일 스트레스 받겟는데 ?응... 우리 집도 아파트 살다가 단층 주택으로 이사하고 그랬어ㅎ... 단층 주택이 최고긴 해
80,일반 대화,그니깐 말다툼 하다가 때리고 계단에 떨어졌는데 그냥 갔대헐 신고도 안 해주고 부축도 안 하고? 인성이 왜 그래 ㅠㅠ
81,일반 대화,넌 사격 잘해?나 잘하지 명저격수잖아/지난번에 내 실력 못 봤어?
82,일반 대화,성격은 어땠대?잘 울고 옹알이 많고 잘 안잤다고 들었어
83,일반 대화,그래도 산책할따는 비 좀 덜오겠지?지금 비 안오지않어?
84,일반 대화,영화 예매할 때 온라인으로 싸게 할 수 있더라얼마나 더 싸게할 수 있어?
85,일반 대화,거기서 주는 씨몽키 키워봤어? ㅋㅋ에엥 거기서 씨몽키를 줬어?
86,일반 대화,마룻바닥은 나무가 좋아?응 나무가 집 분위기를 좋게 해주는 것 같아
87,일반 대화,음 그러면 SE 제품은 어떤 것 같아?보급형으로 나온것 치고 되게 좋은 것 같던데?
88,일반 대화,천고마비의 계절 가을이 돌아왔구나!가을이 되어서 그런지 요즘 밥만 먹으면 피로가 밀려와.
89,일반 대화,어떤 밥집이 좋을 것 같은데?그냥 편하게 먹을 수 있는 한식이 좋을 것 같아
90,일반 대화,만화는 그림이 좀 단순해서 작화 보는 맛은 없어.그래도 스토리 참신해서 만화 보는 것도 괜찮을 거 같아.
91,일반 대화,GTA라는 게임 들어봤어?잘 알지 내가 인방 많이 보거든
92,일반 대화,"크아는 꼬물이가 제일 재밌지.아니 , 크아는 당연히 몬스터전이지!"
93,일반 대화,자주 반복을 해주지 않으면 다 까먹는 것 같아.맞아 무조건 여러 번 봐야 그나마 오래가는 것 같아.
94,일반 대화,뭔가 털 색은 흰색일 거 같아!응 ㅋㅋ 맞아/털 색은 흰색이지~
95,일반 대화,응 미국 회산데 혹시 알고 있었어?아니 몰랐어/기사 알려줄래?
96,일반 대화,미쳐땈 ㅋㅋ 얼른겨울이어머님 나아야될텐데엄니 어디가편찮으신걸까
97,일반 대화,그게 미국에만 시행하는 건가?그런 거 같아 ㅋㅋ 화이자만 해당된다더라
98,일반 대화,우리 엄마도 엄마가 처음이라 이럴 줄 몰랐겠지예체능은 타고 나야 해 정말/난 어린이집 다니면서 미술은 아니라는 걸 떡잎부터 알아봤지만 내가 너무 졸라서 엄마가 잠깐 보내줬었어 ㅋㅋ
99,일반 대화,괜찮아 이제 곧 정리해서 나갈거야아 맞아 이제 100리터 쓰레기봉투 없어졌다며?
100,일반 대화,너 어렸을때 원피스 봤어?원피스 봤지 하하 고무고무 팔~
101,일반 대화,아육대가 연애의 장이래연예인이라고 연애 안하는건 아니지
102,일반 대화,언니 주변에 직업 군인 있어?응! 내 친구 직업 군인 하고 있어~
103,일반 대화,"당근 마켓 온도 올리기 쉽지 않은데 어떻게 높였어?거래를 자주 하고, 나 같은 경우에는 애프터서비스도 해줬어!"
104,일반 대화,약간 노트북 느낌인가?결국엔 나중에 남자가 떠나는데 여자는 덤덤히 받아들임 ㅠ
105,일반 대화,그것도 정말 좋은 생각인 것 같아그래 그럼 다음 달부터 내가 2명 등록할게
106,일반 대화,아니 동생이 지적 장애인가 있는 애래 ㅜㅜ헐 또 장애가 있어 ㅜㅜ 너무 슬프다
107,일반 대화,아니 악마얼굴 왤케 계속 보여줘 ㅋㅋ맞아 클로즈업 많긴해
108,일반 대화,나도 모르겠어원빈도 나왔었던 거 같은데
109,일반 대화,내 자소서 니가 좀 써주라.이거 갖고 되겠냐?/비싼 걸 사줘야지 ㅋㅋ .
110,일반 대화,생각난다 ㅋㅋ 언제 시간 나면 같이 한번 하자!ㅋㅋ 웅 좋아 다음에 같이 해보자 하하
111,일반 대화,진짜... 그런 사람들도 부모님이 안 버리고 잘 키워 주셨을 텐데 뭘 배우고 자라서 강아지를 버려 이해가 안 가그러니까 정말 이해할 수가 없어
112,일반 대화,ㅋㅋ 재밋냐 ㅋㅋㅋㅋ 집이야기 ㅋㅋ/네네맛있네 ㅋㅋ
113,일반 대화,웅 남친 뭔가 잘 알려줄거같아맞아 화안낼것같아
114,일반 대화,나 장보는 거 짱 좋아하는데!ㅋㅋ 천직 발견?/근데 대부분 라이더들은 남자이기도 하고 그냥 음식 배달하는 걸 더 선호할 꺼 같음
115,일반 대화,오늘 나갔다 왔나?웅 이제 쌀쌀하더라
116,일반 대화,ㅋㅋ 어우 난 질색 ㅋㅋ 근데 그건 좋았어 스킬 자수?아아 그 겨울에 많이 했던 거 그거 말하는 거지?
117,일반 대화,예전에 피부과에 갔다가 바가지를 쓴 적 있어서 그런 곳은 잘 안다녔는데 한번 가볼까꼭 여드름이 아니더라도 주기적으로 가면 좋더라
118,일반 대화,다음에 테일즈 런너도 같이 해 보자나 좀 잘하는데 괜찮겠어?
119,일반 대화,가족들과 간거야?남자친구와 가거나 가족들과 갔어
120,일반 대화,갈 수는 있는지부터 물어야지 ㅎ2차 접종 완료자는 갈 수 있다더라...
121,일반 대화,그치? 요즘 고령화 사회니까 많이 생겨서 어르신들 건강했으면 좋겠어!맞아맞아 이런 환경이 많이 유행하면 좋겠다
122,일반 대화,순풍산부인과 알아알지 ㅋㅋ 시트콤
123,일반 대화,"응. 일단 채무도 연봉에 비해 250%이내여야 하고, 연봉도 어느 정도 되어야 하나 봐.그럼 일단 적어도 기준을 맞추려면 직장을 구해서 다니는 수 밖에 없구나."
124,일반 대화,근데 나는 교정기 때문에 치석이 자주 끼더라구 ㅠㅠ교정기 때문에 그런 건 어쩔 수 없지 ㅜㅜ
125,일반 대화,아 스위트홈 과장님도 재밌다고 나한테 보라고~보라고 그렇게 강추했는데 아직 안봤다...아 ㅋㅋ 근데 나도 다는 못봄 ㅜㅜ/중단했는데 갑자기 영화화 되가지고; 다 못봤다...
126,일반 대화,오히려 대형견이 온화한 것 같아생각해 보면 그런 것 같기도 해
127,일반 대화,근데 춤 추다가 배에 힘을 빼버리면 엄청 웃겨.뭐가 웃기다는 거야?
128,일반 대화,응 선생님은 좋았는데 손가락에 피가 나서 안되겠더라피가 날 정도로 연습을 한 거야?
129,일반 대화,예상으로는 2~3군데는 갈 줄 알았는데 2군데 갔어.그래도 꽤 갔는데?
130,일반 대화,나 게임 접을까봐...왜? 잘하던 게임을 왜 접으려고?
131,일반 대화,나 다음 주에 서울로 상경하려고~ ㅋㅋ서울? 그럼 비행기 타고 올라가는 거야?
132,일반 대화,고등학교 졸업하고 바로 취직해서 25살 인가봐.그럼 군대는 다녀온 거야?
133,일반 대화,그래서 나는 PC방에 자주 가는 편이야나도 예전에는 많이 안갔는데 요즘은 서비스가 다양해져서 자주 가게 되더라
134,일반 대화,뭐가 달라! 정말 요상한 아이네 ㅋㅋ그치만 설명할 수 없는 다른 류라고~!
135,일반 대화,나도 이디야 연유콜드부르라떼 아니면 아이스아메리카노로... 신메뉴는 노...그니까... 전에 뭐지 옥수수 들어간 그거는 나름... 뭐 한번 먹을만했는데 ㅋㅋ 밭두렁 같은거 씹히는... 달아 ㅜ
136,일반 대화,오 그래도 첫 출근까지 일주일 남았네응 ㅋㅋ 일주일동안 볼 일 다 봐놔야지
137,일반 대화,보드게임 하나 진짜 가져갈까?우리 집에 젠가가 있긴 한데...
138,일반 대화,우리 아파트 네이밍 변경해서 이번달부터 공사한다네구청에 먼저 신고하는게 아니고?
139,일반 대화,너는 할 생각 없어?난 눈썹이 진해서 안해도 돼 하하
140,일반 대화,응 맞아! 할아버지는 애기가 뛸 수도 있지 자기는 신경 쓰지 말라고 편지를 쓰고 갔대!역시 어른이라 이해를 잘 해주는구나 굳
141,일반 대화,아 힙합 잘 안 들으면 1분1초 이 노래가 더 취향일 거 같아.그건 나도 들어봤어.
142,일반 대화,넌 이번 여름이 더웠어 아니면 작년이 더 더웠어?난 작년이 더 더웠던거 같아 ㅜㅜ 너는?
143,일반 대화,아하. 그러면 닌텐도 게임 해본 적 없겠다.사촌들꺼나 친구들꺼로는 해봤어.
144,일반 대화,일교차가 심해서 감기걸리기 딱 좋아.나 안그래도 어제부터 콧물 나와.
145,일반 대화,그래도 거기도 오픈빨이라 그런가 줄서서 사더라!와 그 정도야?/인기 진짜 많다
146,일반 대화,결혼을 할 생각이 있어?나는 아직 결혼 생각이 없어.
147,일반 대화,그럼 비비큐는? 하하비비큐는 못봐주지
148,일반 대화,매장의 이익도 좋지만 좀 더 많은 사람들이 쉽게 키오스크 사용할 수 있게 하는 방법이 필요할 것 같아.요즘 할머니들도 카드를 쓰는 것처럼 시간이 지나면 많이 적응하실 수 있을 거야./사회적으로 좀 더 키오스크 사용법을 안내할 필요가 있어 보여.
149,일반 대화,난 오징어게임보고 정호연한테 빠졌어 하하나도 이번에 오징어게임에서 그 배우 처음 봤는데 연기 잘 하더라 하하
150,일반 대화,응. 열심히 했는데 성적이 안나오면 안돼.맞아. 그거만큼 억울한 일도 없을거야.
151,일반 대화,그것도 좋지만 주요 지역으로 가는 교통편이 많아지면 좋겠어환승하거나 돌아가지 않도록 말이구나
152,일반 대화,어딜 넘어가?제모
153,일반 대화,이제 코로나 풀리면 그쪽이 또 뜨니까 하하하하 맞아 그리고 여행은 언제나 옳으니까!
154,일반 대화,그럼 그건 패스ㅋㅋ 아니 그래서 러그는 살 거가?/어디 껀지 알아봐줄까?
155,일반 대화,밥 걱정은 안 했었겠네.응 근데 그때 살이 너무 쪘어서.
156,일반 대화,흠... 이놈그거실장이원래 자기쓴다해서 내가 선물해줫거든
157,일반 대화,당연하지 하하 맛집 미리 찾아 놔~그럼 그럼 내가 또 네이버 검색 엄청 해야지 ㅋㅋ
158,일반 대화,그건 어느 방송사에서 하는데?넷플릭스 알아?!/거기서 하는 거야
159,일반 대화,맞아 내가 선생님이라면 아이들이 대들 때 못 참을 것 같아그니까 요즘 선생님들이 참 고생이야
160,일반 대화,아침에 srt 추석 예매 대실패~와 그거 들어가면 대기시간 얼마나 나와?
161,일반 대화,아니 에어랩 방송하면 진짜 사고  싶음하하 나는 이번에 샀지롱
162,일반 대화,ㅋㅋ 아 넘 머싯... 미술 선생님이라던가취미도 멋있고... 장발 최고 잘 어울려
163,일반 대화,서울에 디저트 카페 가보자오 진짜 가자 ㅜㅜ
164,일반 대화,강아지나 고양이 키우니?둘 다 키워
165,일반 대화,오늘 책 한 권 다 읽었어.무슨 책 읽었어?
166,일반 대화,그렇다고 하는구나보이차 효능이 대단하네요
167,일반 대화,빅뱅은 요즘 곡이 안나오네샤이니 앨범은 시세가 비싸졌어
168,일반 대화,허쉬초코쿠키 좋아하지만...잘가라...ㅜㅜ 아 진짜...쿠키를 그렇게 다 통에 두는거는 처음본다 ㅋㅋ
169,일반 대화,몇 시간 있다 나와야 해?그런 건 딱히 정해져 있는 거 같지 않아!
170,일반 대화,그럼 오랜만에 같이 치맥 할까?~좋지~/치킨 어디서 먹을까
171,일반 대화,알아보는 게 낫겠다 그치? ㅠㅠ웅 어디서 많이 나왔는지 고지서 먼저 봐바!
172,일반 대화,맞아 토독토독 소리나서 들으면 맘이 편해져나도 그 소리 들으면 잠이 잘 오더라
173,일반 대화,"그래서 오토바이의 주행이 많아진 요즘 번호판을 앞 부분에도 부작하는 게 필요해보여그러게 말이야, 그렇게 된다면 사람들도 조금은 교통 법규를 지키려고 할텐데"
174,일반 대화,ㅋㅋ 저번에는 나가 산다더니 결국...와... 희소식을 기대했는데... 배드뉴스네...
175,일반 대화,그래서 수강신청 할 때는 PC방에 갔던 기억이 나그랬구나… 하긴 무선은 감수해야 하는 위험이 있지
176,일반 대화,논산이 규모가 커.그래서 유명하구나.
177,일반 대화,그렇지 너는 제안 오면 할 거야?나는 뭔가 그렇게 죽고 싶지는 않아
178,일반 대화,나도 뉴스에서 보고 깜짝 놀랐어왜 놀랐어? 무인 상점은 그런 일이 충분히 일어날 수 있는 곳이잖아
179,일반 대화,아 너는 이해할만하다는 입장이니?우리 고모가 백신 맞고 쓰러져서 무서운 건 이해가 가
180,일반 대화,그래 이따 집에 가서 꼭 잘 먹어야 해근데 비타민은 우리 건강에 어떤 도움이 되는거야?
181,일반 대화,지하철이 아무래도 빠르니까내가 인천에 살아서 그렇게 생각했나봐
182,일반 대화,전자담배인데도 그런게 있는것인가비흡연자인 언니한테는 안좋았을거야/응응 당연하지~!
183,일반 대화,그런가봐. 강아지는 그러면 막 눈치보잖아 ㅋㅋ응 ㅜㅜ 고양이는 키울 엄두가 안나ㅜㅜ
184,일반 대화,한번 받을때 거의 백만원돈이라매아 유튜브에 그런거 체험영상 있더라
185,일반 대화,너무 무섭더라빨리 녹아서?
186,일반 대화,그거 집에서 집에서 키우는 키드 있을걸?응 한번 알아보려고 해 ㅋㅋ
187,일반 대화,이 계절에 넘 필요템 ㅋㅋㅋㅋ 다른 거 시중에 나온 거 좋은 거 많어.../걍 올리브영 가셈\
188,일반 대화,며칠이나 있을 예정이야?2박3일 예정이야
189,일반 대화,바꾸고싶어도 살게없어엘지는 엔조이용이라구
190,일반 대화,응 세무가 조금 더 어려워왜?
191,일반 대화,요즘 공부하는 거 있어?나 토익 공부 시작했어
192,일반 대화,근데 고인물만 있어서 이기기 쉽지 않더라.재밌게 데이트 했으면 됐지 뭐~
193,일반 대화,엥 오빠가 부려 먹지 않을까? 하하다정한 오빠였으면 좋겠다...
194,일반 대화,응 내마음대로 흘러가는 적이 드물었던 것 같아.ㅋㅋ 하긴 그럴수도 있겠다.
195,일반 대화,난 주로 지는 편이었어.집에 종이가 안 남아 났겠다.
196,일반 대화,비타민같은거 매일 잘챙겨 먹어야 할거같아오 요즘 어떤게 안좋아...!
197,일반 대화,한시간정도 회의해?아 내가 설명할거는 얼마 안걸리는데.../스케줄 짤거 있어서 그거 좀 시간 걸릴듯
198,일반 대화,오빠있으면 좋은 점 있어?오빠가 잘 놀아줬어 어릴 때
199,일반 대화,어디간걸까다들 폐차 ㅠㅠ
200,일반 대화,응 그대신 네 사진도 상대한테 보여주려고 하는데 몇 장 보내주라그래 근데 그 사람 나이는 몇 살이야?
201,일반 대화,사료 산거 애들이 별로 안좋아하는거 같아 ㅠㅠ사료? 원래 사던거 안샀어?
202,일반 대화,"스크런치 5개, 마리띠 2개, 머리집게 2개 이렇게 샀지.이 언니 한 번에 엄청 샀네."
203,일반 대화,신차 구매 하고 싶어.돈은 있어?
204,일반 대화,나도 아직 안봤는데 같이 보러갈래?그래 근데 이거 찾아보니까 2020년 영화인데 재개봉해?
205,일반 대화,왜 이제 주냐고 열 받는다고 아까 머라하더라 ㅋㅋ 여고생들이 써준 쪽지 자랑했어야 했나봄 ㅋㅋ아 진짜 웃기다 ㅋㅋ 그때 니가 너네오빠 배 타고 그랬다했던것같은 기억난다
206,일반 대화,나 요즘 무도 보잖아엉엉 알지알지
207,일반 대화,하하 또 그 날씨에 맞는 옷을 입을 수 있으니까응응 빨리 가을옷 입구시퍼
208,일반 대화,양궁하는 김제덕 선수 별명 너무 귀엽더라아 주먹밥쿵야?
209,일반 대화,내일도 오전에 비구나... 우산 잘챙기자어어.오늘 오후에도 비온다고 해서 우산 챙겼다
210,일반 대화,신혼을 좀 즐기려고좋은 생각이야 한 2년정도 후에 낳아~
211,일반 대화,ㅋㅋ 계속따당이래방금도ㅡㅡ후 렉걸려서 안떳는데 뉴르니까 이미 참여했다고 나오거든/ㅋㅋ 당첨안된거겠지?
212,일반 대화,요새 진짜 가을 된 거 실감해나두 거리마다 은행 엄청 많아
213,일반 대화,버스비 올랐지? 1500원인가?응 현금은 1500원 카드는 1450원!/너는 버스 자주 타?
214,일반 대화,아하 막 하와이 같은 곳?응응 릴렉스할 수 있는 곳 하하
215,일반 대화,그러니까 나중에 나갈 때 물어 줘야하니 ㅠㅠ지금 사는 집은 다세대 주택인데 엘리베이터가 없어 휴...ㅠ
216,일반 대화,크기도 ㅋㅋ 양도 ㅋㅋ 스테이크 땡긴다우와 어디야 ? 스테이크 가성비 내려온다
217,일반 대화,응! 내가 스위치 신형 응모를 했는데 당첨이라서 너 집에 있는 거 써도 될 거 같아~아 진짜? 오빠도 확실히 당첨 운이 있어서 잘 붙네~
218,일반 대화,아 나 눈썹 정리해야 하는데 귀찮다!아 나도 눈썹 정리해야 되는데 ㅠㅠ
219,일반 대화,내 친구네 포도가 너무 많이 생겨서 고민이래.포도농사 하신대?
220,일반 대화,그냥 허리 찜질 하는 돌 같은 거야아아 신기하다
221,일반 대화,모르겠어 병원에서 그런 건 말 안 해주더라고진짜 답답한 거 알아서 마음아프다 ㅠ
222,일반 대화,그거 능력이 어떻게 돼?잘 기억이 안 나네 ㅋㅋ 너무 오래됐다
223,일반 대화,맞아 바람이 좀 덜 한 것 같아이정도 날씨는 그래도 견딜만 한 것 같아
224,일반 대화,그래서 트럼프 전 대통령의 임기 전에 100만명이던 이민자가 절반으로 줄었다고 해그래? 그러면 바라던 대로 이민자가 줄어서 좋은 것 아니야?
225,일반 대화,아 에어컨은 오늘 못틀겠더라 오전에 잠깐 틀었다 껐다나도 에어컨 틀었다가 끔 ㅋㅋ
226,일반 대화,그래? 나도 좀 관리해야겠어 머릿결 너무 안 좋아그래! 귀찮아도 우리도 좀 가꾸면서 살자!
227,일반 대화,뭐야 엄청 일찍 마치네?ㅋㅋ 여덟 시부터 다섯 시 ㅋㅋ 잔업이 없으면 ㅋ
228,일반 대화,"약간 남색에 가까운 색?맞아, 겨울은 더 맑아"
229,일반 대화,헐 영구가 아니라니 비싼데 고민이네너 정도면 매력이지/나는 주근깨 여왕이었구
230,일반 대화,그니까 ㅠㅠ 그래서 못시켜먹음아님 시켜도 냉동일듯...
231,일반 대화,괜히 샀다가 냉동실이 좁으면?치즈같은 것들은 부피 안크니까 사자.
232,일반 대화,이제 다 광고가 붙어광고는 어쩔수 없지
233,일반 대화,트리트먼트 해도 소용 없다 ㅜㅜ머리가 왜상하는지 모르겠어
234,일반 대화,아 맞아 나도 그 얘기 들었어.게다가 혜택도 적어진다니 망설여지네
235,일반 대화,나는 수능 또 보라고 하면 절대 못 볼 것 같아.수능 한 번으로 인생이 달라질 수도 있는 거잖아.
236,일반 대화,전 이번 달도 택시비가 카드값 반입니다요 ㅋㅋ헐랭 ㅠㅠ 진짜 은근 교통비가 많이 들어요... ㅠㅠ
237,일반 대화,겨울에는 비염이 덜 심하지?건조하면 또 가끔 비염 심할 때 있어 !
238,일반 대화,요즘 웹툰 드라마화 하는 거 진짜 많다ㅁㅈ 요즘 윰세포 보는 중
239,일반 대화,"벌써 빼빼로 데이가 코 앞인 거 알고 있어?오, 벌써 10월도 다 지나가네. 시간 참 빠르다"
240,일반 대화,난 액션영화 좋아해 ㅋㅋ 분노의질주 이런거헉 완전 남자 영화 좋아하는구나? ㅋㅋ/추천이 어렵겠는 걸...
241,일반 대화,맞아 밖에서 먹는 치맥이 최고지 ㅜㅜ맞아 맞아 언제 한번 만나서 먹자
242,일반 대화,헐 ㅋㅋ 그거 너무 신박한데? 공용 화장실인 줄 알았어아니야 그런 곳도 있지만 요즘엔 잘돼있어
243,일반 대화,그럴일이 없어...어...나도그래... ㅋㅋ 살도안빠지고우울하네 다이어트의지도없어 ㅋㅋ
244,일반 대화,하하 이번에 댄서들도 돈 많이 벌듯해 하하나는 가비 보기만 해도 너무 재밌어 ㅋㅋ
245,일반 대화,그럼 산책만 시켜주는 거야?ㅋㅋ 응 사회성 없어서 산책할 때도 다른 개 못 만나
246,일반 대화,퀸도 좋아해아 나 그런 거 보고 싶은데 볼 일이 없넹...
247,일반 대화,라이관린 닮았어아 그래? 잘생겼구나
248,일반 대화,작게 틀어도 잘 들려서 좋더라.지하철 소음이 엄청 크지.
249,일반 대화,일단 사이즈가 프리사이즈인데 너무 조그매서 못 입을 것 같아.그런 경우 많아. 내가 뚱뚱한 편이 아닌데도 안 맞는 옷이 있다니까?
250,일반 대화,그 기지 파괴하는 건 똑같더라구!거의 그렇긴 하지 ㅋㅋ 기지 파괴
251,일반 대화,요즘 사람들이 하는 다이어트에 대해 어떻게 생각해?급하게 살 빼서 사진찍는 바디프로필은 별로 좋은 방법은 아닌 것 같아
252,일반 대화,경기도에 강아지 믹스견이야똥깡아지네 완전 보고싶어
253,일반 대화,너 독도 가봤어?아니 ㅋㅋ 넌 가봤어?
254,일반 대화,그래서 난 냉면 잘 안좋아해 ㅜ예전에는 그 느낌 진짜 싫어해서 함흠냉면 안좋아했는데 요새는 그 느낌을 그렇게까지 못 받은거 같아서
255,일반 대화,응응 삼성에서 괜찮게 나온다고 하더라 ㅋㅋ맞아 세탁기 건조기 세트로 많이 팔더라구!/난 어제 이사할려고 부동산 다녀왔어
256,일반 대화,왜 별로야?일자리는 많은데 생산직이 엄청 많은거 같아
257,일반 대화,맞아. 이발소하면 딱 생각나는 이미지가 있지빨강색. 파랑색. 하얀색 선이 회전하는 봉이 나는 제일 생각나
258,일반 대화,"멀미 하는 사람들 때문에아 그래? 아쉽다, 난 멀미해도 먹을거 냄새 잘 맡는데,"
259,일반 대화,그나저나 부산도 4단계라서 이동하는데 힘들겠어 ㅜㅜ맞아 집에만 있어야 해서 많이 답답하대 ㅠ
260,일반 대화,아 그리고 다이어트에는 식단도 중요하대!맞아 내가 찾아보니까 단백질을 많이 먹는 게 좋을 거 같아
261,일반 대화,체코랑 라트비아 다시 재봉쇄한다는데아 맞아 코로나 다시 퍼졌다더만
262,일반 대화,언니네 오빠 군대 갔을 때는 복무 기간 얼마나 되었지?한 2년 안되게 했던 거 같아!
263,일반 대화,내 친구 먹고있는데 괜찮다는데 걱정은 되더라고다시 생각해보니깐 언니꺼 한 개 뺏어 먹어봄
264,일반 대화,응 그래서 이걸로 주민들이 불편하다고 얘기하는 경우가 많나봐... 아직 과도기인듯...적당한 방법을 찾을 수 있음 좋겠다
265,일반 대화,ㅋㅋ 진짜 해 쨍쨍 장난 아니야더워 지금은 밖에 나갔다 오니까/약간 반팔 입고 시원?
266,일반 대화,그래? 그래도 3키로 정도 더 뺴려고 하는데 어떻게 생각해?안돼. 여기서 더 빼면 너무 말라 비틀어질 거야.
267,일반 대화,그런 직업 정신과 많은 사람들의 노력이 있기에 좋은 영화를 만들 수 있는 것 아닐까?맞는 말이야. 영화 제작에 힘쓰는 모든 사람들의 노고에 박수를 보내고 싶어!
268,일반 대화,맞아 우리 오빠가 벌써 14년쯤 된 건가 그러니까... 진짜 잠도 안 재웠다더라 잠꼬대 심하다고ㅋㅋ 무서워... 우리 학교 다녔을 때가 좋았던 것 같네
269,일반 대화,근데 여기서 중요한 게 가난한 나라한테 더 비싸게 팔았단 거야!헐 완전 양아치잖아?/돈 없는 거 뻔히 알면서!
270,일반 대화,아 그럼 잘해봐 이러고 말았는데...엉엌 ㅋㅋ 그니까 뭐래
271,일반 대화,진짜 피지컬이 신이 빚어놓은 몸 아니냐몸만 빚었게? 얼굴도 빚었어
272,일반 대화,요즘 미주가 진짜 웃기더라 하하맞아 포텐 터진 것 같아 ㅋㅋ
273,일반 대화,수건도 안주시던데...바쁘셨나보다...^^
274,일반 대화,난 챙길 일이 2배라는 게...ㅋㅋ 아 그런 점도 있지...  시댁 일도 인제 우리 가족이니 챙겨야 하는 거
275,일반 대화,아 손으로 빗어주는구나너는 빗으로 빗어?
276,일반 대화,영화 안 본지 너무 오래 되서 고민된다.요즘 베놈 많이 보는 것 같은데 어때?
277,일반 대화,우리나라에서 키울 수 있는지 알아보고 있어.주변에 페럿을 키우는 사람이 있는데 귀여워.
278,일반 대화,요즘은 게임이 재미가 없네새로 찾은 게임도 벌써 질린거야?
279,일반 대화,게임할 때 아이템을 중요시 해?응 나는 게임에 돈을 한번 써 봤어
280,일반 대화,오 그러면 친구들도 같이 갔어?웅 친구들 몇 명하고 같이 나갔어 ㅋㅋ
281,일반 대화,헐 근데 너 왜 나랑 예비군은 1년차이지?그러게... 왜그래?
282,일반 대화,아...그래서 응급실이구나...!어 ㅋㅋ 제일 매운게 사망맛인가...이름부터 맵다;
283,일반 대화,그러니까 말이야. 그래서 위생적으로도 문제가 있고 실제 사용에도 문제가 많나 봐그래서 사제 위장 크림 같은 경우는 화장품 가게에서도 팔잖아
284,일반 대화,SUV 소형차도 있어 ? 오소형차 치곤 이쁘더라~ 하하
285,일반 대화,피씨방 가서 하느니 그냥 집에서 할라고그게 낫긴 하지
286,일반 대화,보통 화창한거 좋아하더라고딱 오늘 같은 날씨
287,일반 대화,너 아침먹어?응 원래 아침보다 잠을 택했는데/점심전까지 배고파서 먹어야겠더라ㅠㅠ
288,일반 대화,내 말이 전범 국가 주제에.사실상 나치랑 똑같은 취급을 받아야 하는데.
289,일반 대화,너 이번에 물고기 몇 마리 산 거야?나 물고기 4마리 데려왔어
290,일반 대화,나도 그럴 생각이야 가족이니까 계속 보고싶을 것 같아나도 네가 독립한다면 시원섭섭할 것 같은 느낌이야.
291,일반 대화,나 이번에 셋째 낳아보니 너무 좋더라너네는 셋째 생각 있었던 게 너무 대단해
292,일반 대화,맞아 너무 이쁘더라고신기하다 이름도
293,일반 대화,여름에 수상 스키를 타보고 싶어그거 정말 신기하더라.
294,일반 대화,ㅋㅋ 그러게 그친구 집에서 하루종일 요양할 준비하더라ㅋㅋ 먹을거 뭐 먹을지 벌써 정하고 그러던데 ㅋㅋ 백신맞고...잘 챙겨먹어야지
295,일반 대화,거기가 지옥이야 증말정말 그곳이 지옥이지 생지옥
296,일반 대화,나 예전에 인셉션봤을때는웅웅
297,일반 대화,바다 보러 가는게 목적이라 가까운 곳으로 정했어그런게 목적이면 인천이 더 가깝지 않나?
298,일반 대화,효과는 모르겠는데 안 바르면 괜히 허전해서 바르고 있어꾸준히 챙겨 바르면 효과 있겠지  난 귀찮아서 못 바르겠더라 ㅜㅜ
299,일반 대화,ㅋㅋ 맞아 차 사는 게 마냥 좋은 게 아니네 또너 기차 타는 것도 좋아해?
300,일반 대화,나지금 유튜브에서 영화 리뷰 보는 중오 나도 그런 거 본 적 있어./전부 재미있게 소개를 잘 하더라
301,일반 대화,난 지금보다 조금 더 추워지면 좋을 것 같아오? 지금 낮은 좀 덥긴해
302,일반 대화,"호텔델루나 봐줘,ㅜㅜㅋㅋ 왜 재밌나 ㅋㅋ/몇화꺼지 봤어"
303,일반 대화,ㅋㅋ 보통 식사하고 노래방 가거나 카페 가기도 해노래방도 가? 그건 별로다 하하
304,일반 대화,근디 그거 알려주시는분이어어 알려주시는분이...안알려줬어? 원장선생님한테?
305,일반 대화,그러니까. 그게 제일 문제다ㅋㅋ 그래도 힘내. 앞머리는 금방 기르자나
306,일반 대화,평생직장이 될 거 같아~평생 직장까지야 ㅋ어떤 일을 평생 직장 삼아야 되나 고민하고 있다구~
307,일반 대화,맞아 그리고 서류 통과를 해서 면접을 보게 된다고 해도 정장도 빌려야 하잖아그렇게 준비를 해서 마음에 드는 곳에 합격하면 다행인데/그렇지 못하면 좀 정신적으로 힘들 것 같아
308,일반 대화,왜 비비큐는 빼는거야? 하하비비큐는 자주 먹었기 때문이지 하하
309,일반 대화,그리고 거의 술보다 안주를 먹어서 ㅋㅋ안주는 머 먹어?
310,일반 대화,물건 상태는 어때?거의 당일 배송이더라 상태 완전 좋지
311,일반 대화,중딩때 학교에서 쳐봄수업에도 성적도 들어갔었음 ㅠ
312,일반 대화,이제 만나면 결혼 생각도 해야겠네?아무래도 그렇지 ㅋㅋ/그래서 더 신중해져 ㅋㅋ
313,일반 대화,헐 그때 델타가 아직도 남아 있어?매일매일 집단감염이 나와서 언제 나아질진 모르겠다 ㅠ
314,일반 대화,K2 무기 알어?총 말하는 거지?
315,일반 대화,걔도 처음 추는데 나보다는 잘 따라하더라고.그래서 연습하겠다는 거구나.
316,일반 대화,너랑 똑같지 않아?응 나도 어제 검사했는데 지방이 16KG 나왔어
317,일반 대화,"그러려고, 그런데 의자 색상이 2개인데 지금1개 색상만 5개나 나와서 더 짜증이 나아이템 드랍율에 문제가 있는거 아니야?"
318,일반 대화,강아지랑 같이 등산 가고 싶은데 괜찮을까?강아지 체력이 괜찮으면 상관없지 ㅋㅋ
319,일반 대화,서있는데 너무 귀여워서 한참을 쳐다봤지 뭐야.웰시코기 엉덩이 식빵 같고 다리도 짧은 게 아장아장 걸어서 귀여워.
320,일반 대화,아 개더워 진짜마져 집에 잇는데도 개더움
321,일반 대화,응으 이번주 한주만 쉬고 몰두해서 할 거 다 끝내버리려고나는 조급하긴 하지만 내년 까지는 좀 편하게 지내려구!/하고 싶은 것도 많이 하면서 말야
322,일반 대화,준비가 돼있는 나라 위주로 계속 할건가봐그럼 구단들이 곤란하겠는걸
323,일반 대화,요즘 완전 주식 여론 뒤숭숭하던데나 그냥 한 달에 20씩 하는 중 너무 많이 하기는 그래서 그냥 무대포로 하는 중...
324,일반 대화,아 그런 문제가 있구만 ㅋㅋ 15만이면 좀 쎄긴 한 거 같네응응… 환승이 많아서 그런 거 같아 ㅠ 돈 아까움 ㅠ
325,일반 대화,진짜? 난 진짜 지루해서 졸았는데...난 라라랜드보고 졸았는데...
326,일반 대화,그 초당 옥수수 라떼 먹어 봐... 헤븐ㅋㅋ 옥게이 참고하겠어 ㅋㅋ 먹방
327,일반 대화,너 축구 직관하러 자주 갔었지?응 ㅋㅋ 매 경기마다 갔었어 하하/왜?
328,일반 대화,어때 만족스러웠어 그 때?나는 별로 잘 못하는데 갔어
329,일반 대화,그러니까 ㅋㅋ 온갖 깨끗한 척은 다 했었다고 하더래진짜 속이려고 작정을 한 거네?/주변에서도 몰랐대?
330,일반 대화,애인과만 한다는 게 특별한 점인 것 같아아 다른 사람은 볼 수가 없어?
331,일반 대화,"공부해야한다. 우리도 주택,부동산 공부하자.응...조금...반갑지않긴한데...해보자..."
332,일반 대화,으앙 ㅜㅜ 저건 다시 봐도 레전드야 ㅜㅜ넘 슬퍼 눈물 줄줄이야~/디지몬도 재밌었지~
333,일반 대화,봉준호 영화감독이 기생충으로 유명하신 분인가?응 맞어~  내 기억이 맞는진 모르지만/괴물도 그분이 내셨을껄?
334,일반 대화,나 11월 말까지 프로젝트 있어서 12월에 놀러 가기로 했어 ㅜ헐 남자친구랑 놀러 간다고 했던 거기?
335,일반 대화,내가 공부할 때 스트레스를 혼자 코인노래방으로 푸는데 그걸 못해서 조금 힘들었어.그래도 노래방 정말 위험하니까 좀 더 참자.
336,일반 대화,응 우리나라에선 제일 빨리 단풍 드는 산이잖아아 그래?/그거까진 몰랐네 ㅋㅋ/그럼 거기로 가보자~
337,일반 대화,저런...약때문에 맛이 없어서 안먹나...그런가봐…이제는 질리나봐
338,일반 대화,오늘 링귀걸이 샀는데 너무 맘에 들어.오늘 쇼핑을 많이 했네.
339,일반 대화,편해서 좋았던 거야?몸은 편한데 손님 응대는 조금 어려웠던 것 같아
340,일반 대화,언니 거기 전세로 살고 있어?여기는 월세야 ㅠ 전세 없지 돈 ㅋㅋ
341,일반 대화,영화관 데이트 자주해?응 난 영화 좋아해서 자주 하는 편인거 같아
342,일반 대화,방탈출ㅋ방탈출도 깰거 이제 없겠는데
343,일반 대화,뭐 여자나 남자나 상관 없는데 다이어트 성공해서 판다고 해서 괜히 슬펐다 ㅠ아 진짜 완전 그분한테  좋은 기운 받았네!
344,일반 대화,맞아 ㅋㅋ 근데 뭐 엄마도 얼마나 힘들겠어진짜 엄마는 아플 때도 우리 밥 생각부터 하셔
345,일반 대화,나는 일단 타격감이 되게 시원하다고 느껴져서 하하그런 비슷한 종류로 더 파이팅이라는 만화도 괜찮겠다
346,일반 대화,좋아하는 게임 있니?나는 배틀그라운드를 즐겨하지
347,일반 대화,안그래도 한강에 번개 꽂히는거 신기하던데 ㅋㅋ 보셨나요?아쉽게도 ㅋㅋ 본 적 없습니다 ㅋㅋ
348,일반 대화,내년에는 그래도 가능하지 않을까?나는 오프라인 콘서트를 언제든 맞이할 준비가 되었어.
349,일반 대화,너희들은 비혼주의니?딱히? 결혼은 원하면 하는거지
350,일반 대화,나도 처음이라 잘 모르는데 광고 보고 샀어!ㅋㅋ 광고도 무시 못하지
351,일반 대화,나웹툰봄요새 뭐가 흥하냐
352,일반 대화,누구나 첨에는 못치지 뭐그렇구나 다음에 한번 알려도 하는 방법
353,일반 대화,진짜 문제가 많다 문제가 많아ㅋㅋ 아니 우리나라는 급격한 경제 성장으로 사회 인식이 따라오는데 멀었다지만 미국도 참...
354,일반 대화,ㅋㅋ 너무 힘들어서 빨리 내려갈라다 골로 갈 뻔 했어한 번씩 간식 입에 넣어줘야해 하하
355,일반 대화,응 솔직히 그 날 재밌었는데잘 들어가라고 연락은 왔고?
356,일반 대화,어느 지역 가셔요 보통 가신다면?전 논산! ㅋㅋ/근데 집에서 제사를 지내서ㅋㅋ 논산은 당일치기로 갔다 옵니다 ㅋㅋ
357,일반 대화,정말? 나랑 같이 보러 갈 거야~?영화 보고 싶다며! 나도 보고 싶어!
358,일반 대화,그런데 아르바이트도 자기소개서를 써야 하니네 요즘에는 이력서 밑에 간단한 자기소개서를 쓰라고 해요
359,일반 대화,맛있어보여ㅜㅠ웅웅 ㅋㅋ 존맛탱 !
360,일반 대화,사람들이 그렇게 엄청 몰릴 줄 몰랐지 하하아하 하하 근데 미국시장 말고는 거의다 삼성이 우세래
361,일반 대화,너 캠핑장에 온다는 친구랑 남자친구는 사귄지 얼마나 됐어?한 1년 좀 넘었나? 실제로 본적 없음
362,일반 대화,대단 나도 한번 이사 도와줘 봤어오 힘들지 않았어?/근데 자취 오래한 애들은 자기만의 노하우? 그런 게 있어서 잘 하더라/마치 여행 가는 짐 싸듯이 이삿짐을 싸 ㅋㅋ
363,일반 대화,입대 앞두고 머리 밀때 기분 어땠어?나는 그 전에 가봤어서 그런지 아무렇지도 않았었어
364,일반 대화,나는 오늘 형이랑 심하게 싸웠어 ㅋㅋ어제는 사이 좋더만 오늘 왜 싸웟어!
365,일반 대화,응...재택근무를 했으면 좋겠는데.ㅠㅠ 코로나 때문에 사람 많은거 신경쓰이는데 출퇴근시간 지하철에 사람 너무 많아.../ㅠㅠ 코로나 때문에 사람 많은거 신경쓰이는데 출퇴근시간 지하철에 사람 너무 많아...
366,일반 대화,재활이라도 다녀야지물리치료 자주 해주고 무리하지 말아야 해
367,일반 대화,아 난 금요일 연차냈는데 일 많아서 나와야할거같아...진짜 싫다헐... 이미 낸건데 그냥 좀 쓰게 해주시지
368,일반 대화,언니네 농사 진다고 땅 있잖아!아냐! 어디서 다른 애랑 헷갈리는 거야!
369,일반 대화,근데 오늘은 하루종일 비 와서 긴팔 입어도 추웠어.옷 날씨에 맞춰 입기 힘들었겠다.
370,일반 대화,가을 다가오니깐 ㅋㅋ 고구마 메뉴 많이 나오는 듯갑자기 군고구마 먹고 싶다 ㅋㅋ 맛있어
371,일반 대화,얘가 고등학교 때부터 스트레스에 취약하긴 했어.압박감이 장난 아닌가봐.
372,일반 대화,하하 아니아니 지금은 해외못가자나 하하아항 미래 얘기지 ㅋㅋ
373,일반 대화,에스파 멋있더라 넥스트 레벨 안무가 좋은것같아카리나는 신이에요
374,일반 대화,네발 자전거는 탈 수 있어ㅋㅋ 전기자전거 중에서 네발 자전거가 있을까?/
375,일반 대화,"아빠 전형적 시골 사람 ㅋㅋ나두... 그냥 막 아파트 단지에서 잠옷 입고 다니기... 뛰어다니기, ... 소리 질러서 부르기..."
376,일반 대화,나 아직도 너의 무릎에 난 진물이 기억나 ㅋㅋ나도 무릎에서 고름 나온 적은 처음이었어 ㅋㅋ
377,일반 대화,ㅋㅋ 그러게 아파서 별 소식없나...왜 가타부타 말이 없냐몸살 오려다가 괜찮아졌나보네 ㅋㅋ
378,일반 대화,나도 야외 낚시 못할 듯ㅋㅋ 그치 너무 적막하고 ㅋㅋ 그럴 거 같아/실내낚시는 해봤어?
379,일반 대화,응 세종 결혼식장이 더 깔끔하고 더 좋을 걸?하긴 대부분 신식 건물이겠다 ㅋㅋ
380,일반 대화,오늘 댄스 학원 처음 가는 날이야.언니 댄스 학원도 다녀?
381,일반 대화,곧 대통령 선거 한다던데 너 알고 있어?응 대통령 선거는 항상 큰 이슈지
382,일반 대화,대박이다 진짜... K드라마는 아무도 못 이김그건 인정이다 하하 국뽕이 차오른다
383,일반 대화,한 5년 넘었어.5년 넘었으면 신축은 아니네.
384,일반 대화,ㅋㅋ 나 나름 좋은 사내복지를 누리고 있었네응. 누가 안채워두면 먹지도 못하고 다시 채우고 그랬거든
385,일반 대화,내 친구도 한 번도 본 적이 없대.언니는 입마개 쓰는 거 본 적 있어?
386,일반 대화,그런 데서 항상 상 받고 그랬지.와 난 글 쓰는 거 상 받는 애들이 제일 신기했는데.
387,일반 대화,교통이 복잡해서 공항 갈 때 아니면 안 가!그러면 서울로 놀러는 안 가?
388,일반 대화,이제 슬슬 지겨워지려고 해.해가 서쪽에서 뜰 일이네.
389,일반 대화,진짜? 넷플릭스에서 보는 중?응지금 일화보는중이야
390,일반 대화,전기킥보드는 운동 안 되겠지?당연한 거 아니야?
391,일반 대화,오 오늘 갯마을 차차차 한다!오 나는 보지않지만 좋겠네~
392,일반 대화,너 예전에 피카츄 배구 게임 해봤어?피카츄? ㅋㅋ/아니요/그건 또 뭐예요 ㅋㅋ
393,일반 대화,ㅋㅋ 지코바배달은늦었지만 맛있지맞어/맛지겟지?/[사진]
394,일반 대화,그게 입항일만 다르면 관세를 안내거든?응응 그렇지
395,일반 대화,지면 재미 없잖아.져도 재밌긴 해.
396,일반 대화,그렇게 말해줘서 고마워운동 재밌겠다/내가 좋아하는 영화도 많이 추천해줄게
397,일반 대화,오늘 낮에 정말 따듯하더라.그래?/나 오늘 낮에 나가본적이 없어.
398,일반 대화,ㅋㅋ 아 웃겨 진짜 물풍선에 가둬서 터져버린다너무하네 ㅋㅋ 같은 팀 아니였냐고 우리 ㅋㅋ
399,일반 대화,너는 어떤 계절 좋아해?나는 여름이 좋아~
400,일반 대화,외출도 안했는데 과외는 어떻게 했어?오늘 학생네 학교에서 확진자가 나왔나 봐
401,일반 대화,그러게 그래서 다음부턴 아침에 빌리려고 하하ㅋㅋ 좋지 아침 바다 드라이브 낭만적이야
402,일반 대화,지금 바다가 아주 난리더만...바다 지켜 ㅠ
403,일반 대화,먼가 영상 이런거맞어... 싸이월드 아무리 우리세대 감성 불어일으킨다해도.../흥 안할것 같긴 해
404,일반 대화,나 턱에 있는 흉터 없애고 싶어그거 레이저 몇 번 맞으면 금방 없어져
405,일반 대화,나도 동감이야. 우리 좀 잘 맞는다.그러게. 같이 영화보러 가자.
406,일반 대화,응 안그래도 그래서 청소 한번 더하려고반려동물을 키운다는건 귀찮은 일을 정말 많이 해야 하는거구나
407,일반 대화,아니! 인터넷에도 있더라구 ㅋㅋ 요새 사이판 많이 나오더라오호? 사이판? 해외인데 지금... 갈 수 있어?
408,일반 대화,내년 최저시급 얼마야?내년 최저시급 높아.
409,일반 대화,응. 근데 매주 있단다공부를 소흘히 할 수 없겠는데?
410,일반 대화,그러면 그런 애는 막차 시간에 맞춰서 보내주더라.오 그런 방법이 그건 그나마 괜찮네
411,일반 대화,사회보단 공부하는 게 좋은 것 같기도...그래서 졸업하기 싫더라고...
412,일반 대화,고양이가 조용하고 참 좋긴 하더라고근데 아프면 병원비를 감당하기 힘들어
413,일반 대화,그러니까 약자 그걸 다알고잇나 다른사람들은?관심잇는사람은 다알고잇더라/그거말하면 개인정보털린기분
414,일반 대화,정말로?모의 테스트는?모의테스트도
415,일반 대화,어 아닌가 우리 두 번 갔었나?대학교 친구 한 명 더 껴서 3명으로도 간 것 같은데?
416,일반 대화,언니는 무슨 계절에 태어났어?나는 지금 이 시기인 가을에 태어났어 ㅋㅋ
417,일반 대화,ㅋㅋ 암튼 오빠 있는 거 부럽다 하하야 나는 언니가 부럽다 하하
418,일반 대화,나는 예전에 아이돌 본떠서 만든 인형 샀었어넌 정말 별 걸 다 샀구나 하하
419,일반 대화,그건 피부과가서 처방 받는거야?응 피부과 가서 처방 받았어 하하/너도 피부과 가서 검사 한 번 받아보는게 어때?
420,일반 대화,응 남자친구도 그런거 귀찮아하더라그럼 생일에 뭐 하고 보내?
421,일반 대화,울엄마 이모람케 엄청 화냐고 그러다가 이젠짠한지 엄청 챙기네ㅋㅋ 진짜돌아가실까봐그런거아니가
422,일반 대화,어제 엄마가 한 돼지고기 김치찌개를 먹었어밥도 같이 먹었어?/김치찌개면 부을 수 밖에 없었겠다
423,일반 대화,ㅋㅋ 겸사겸사 나는 노을 보는 걸 좋아해서 시간 맞춰서 가!와 자전거 엄청 오래 타는구나?
424,일반 대화,논산의 아귀는 우리 아빠인데 말이야~그럼 서울이랑 논산이랑 한 판 붙어야겠네~
425,일반 대화,가족의 범위를 어디까지라고 생각해?난 8촌까진 가족이라고 생각해
426,일반 대화,웅 나 애견카페 좋아해서 자주 가는데 강아지들 너무 귀여워.그동안 키웠던 반려동물들은 무슨무슨 종류있어?
427,일반 대화,ㅋㅋ 헐 진짜? 우리나라 태풍이름이지?그런가봐 고구마태풍 귀엽네 이름은
428,일반 대화,ㅋㅋ 입고 벗는게 운동이라던데그 끈이 크로스나 일반 브라처럼 되어있는게 조금 더 입고 벗는게 편해/끈이 한 줄이면 너무 불편하더라
429,일반 대화,올림픽 종목은 몇 개나 돼?81개 아닌가? 나도 잘 모르겠네
430,일반 대화,그래? 엄마가 우울해 하지 않았으면 좋겠다.너가 옆에서 잘 보살펴드려.
431,일반 대화,피부 또 치료 받으러 가면 되지 뭐 ㅋㅋㅋㅋ 피부 좀 괜찮아 짐? ㅋㅋ
432,일반 대화,"ㅋㅋ 띠로리 그건 무슨 일이야!그땐 몰랐지, 만나고 와도 되는 줄 알았지,"
433,일반 대화,그렇긴 하지 그래도 금방 괜찮아질 거야 ㅋㅋ그래 그래 얼른 괜찮아지길 바랄게
434,일반 대화,내 말이 ㅋㅋ 진짜 황당함 ㅋㅋ 그게 말이냐고우산이 없으면 빌려달라고 하던가 아니면 뛰어나가서 사던가...?
435,일반 대화,ㅋㅋ 그니깐 다시 생각해도 너무 웃기고 순수 그 자체ㅋㅋ 나는 오로지 피시겜만 했는데 ㅜㅜ
436,일반 대화,ㅋㅋ 개웃겨 ㅋㅋ 나 벌써 설렌다 ㅋㅋ 아 신나내가 리스트 3개로 추려서 올릴 테니까 골라 봐
437,일반 대화,"우리 친척 언니 중에 태권도 사범님 있잖아응, 있지. 코로나 때문에 어렵다고 하더라고"
438,일반 대화,자대는 강원도 철원이야. 최전방이야이제 겨울인데 춥지는 않아?
439,일반 대화,생후 20일 된... 애기를? 와 미쳤다 진짜... 악마가 따로 없네20일이면... 성폭 할 때가 어딨고 때릴 때가 어딨다고/우리나란 사형 제도가 없어서 좀 안타까워... ㅜㅜ
440,일반 대화,와 민어회? 대박 민어회 엄청 맛있다던데?어 맞아 나도 처음 먹어봤은데 비린내 하나도 안나고 담백하더라ㅜ/혹시 민어 부레도 먹어봤어?
441,일반 대화,내가 저번에 컴활 공부한다 그랬잖아응응 잘하고 있어?
442,일반 대화,맞아 ㅠㅠ 근데 중국만 조사하는 게 아니라 전 세계를 다 뒤진대아무래도 그래야지 중국이 기원이란 게 확실한 게 아니니까
443,일반 대화,다시 봐야지 주말에 ㅜㅜ나두 ㅜㅜ 갠적으로 디즈니 영화 중 젤 잘 뽑은 듯 ㅜㅜ
444,일반 대화,음 이상형이 어떻게 되세요?나으 이상형이라면... 요즘은 송강 ㅠㅠ 너무 잘생김 ㅠㅠ
445,일반 대화,아직 에어컨 튼다.특히 일할때는 더욱...틀어야해.
446,일반 대화,ㅋㅋ 당근에 올리면 너무 확 깎여서 맴찢맞아... 진짜 안 쓰고 그런 거 처분 올려야지 ㅠㅠ/아까운 건 못 팔아 ㅋㅋ
447,일반 대화,근데 알고보니까 그 사람도 조울증이더라구그렇구만... 그 음악에 공감많이 되겠다ㅠ
448,일반 대화,어떻게 그래우산없는데
449,일반 대화,밤에 방에서 혼자 보다 눈물 또르륵그치 ㅜㅜ 봐도 봐도 마지막 장면엔 눈물 쭈르륵... 리멤버미... 파파...?
450,일반 대화,그래서 후드 하나 사고 싶어서 샀어!오 그렇구나~ 할인율이 얼마나 해서 산 거야?
451,일반 대화,정말 많이 마시는 구나하루에도 몇 번씩 하니까 너무 불편함
452,일반 대화,너 영화배우 누구 좋아해?나는 배우는 잘 몰라서 안 좋아해
453,일반 대화,만약에 네가 직장생활을 하면서 너무 바빠지면?그때는 생각을 해봐야할 것 같아
454,일반 대화,누가 추천해줘서 보게 됐는데 가면 갈수록 더 재미밌는 것 같아.어떤 내용인지 간단히 알려줘.
455,일반 대화,10시 이후에 회의라 했었나?어어 ㅜㅜ 귀찮다...
456,일반 대화,응 ㅋㅋ 맞아 ㅋㅋ 진짜 제시카는 안타깝다소시 나가고 불쌍하넹
457,일반 대화,그래서 너 뭐 좋아했는데?나는 그나마 답 나오는 수학 좋아했던거 같아
458,일반 대화,너무 전세계적으로 유행하니까 나도 봐볼까 싶어.사람들이 왜 이렇게 좋아하는 거지.
459,일반 대화,그래도 추운날엔 조심해야해웅웅 요즘 감기 걸리기 쉽더라
460,일반 대화,가끔 미사일 이런 소리 들을 때마다 좀 무서워그래도 만약을 위해 훈련하는 거니까 ㅠㅠ 어쩔 수 없지!
461,일반 대화,스벅 민초 짱이야친구가 진짜 달대
462,일반 대화,하하 고양이 종이 어떻게 돼?페르시안 혈종 있는 고양이 하하 눈색깔이 너무 이뻐
463,일반 대화,원래도 진짜 꽂히는 영화 아니면 안 가.상영작 중에 재밌는 영화가 별로 없었던 거야?
464,일반 대화,넌 그런 걱정은 안 해도 되겠다.응 너도 자취 할 거면 건조기는 꼭 한대 사.
465,일반 대화,동물의 숲 게임 해봤어?당연히 해봤지 ㅋㅋ/닌텐도로 하는건데 꽤나 재밌어
466,일반 대화,아 이란도 축구 잘하나보네 ㅋㅋ 무승부예전에 박지성도 이란전에서 골 넣었었는데... 그때도 이기진 못한 기억이 있다
467,일반 대화,법적으로도 미리 예고 없이 자르거나 그만둘 수 있는 기간이니까 어쩔 수 없지 뭐그리고 이 점을 이용해서 수습 기간만 고용하고 해고하는 경우도 많다고 하더라
468,일반 대화,맞아 그런 마음이 전해질 때 인것 같아진심은 감출 수가 없는 법이잖아
469,일반 대화,계란을 추가했더니 밑에 떡 찾아먹기가 힘들어.빨리 계란 부셔먹자.
470,일반 대화,서로 실망하는 분위기였어.다들 기대가 컸구나.
471,일반 대화,오 다같이 나눠먹은겨?예아예아 새로운데로 시켰더니 먹던데만 못하더라구
472,일반 대화,내가 아는 부부인 분들중에 딩크족이 많더라고ㅋㅋ 이제 점점 많아지겠지
473,일반 대화,그놈의 술안주 ㅜㅜ 역시 주당 ㅜㅜㅋㅋ 늦게 배운 도둑질이 더 무섭다 하잖아 ㅋㅋ
474,일반 대화,여행 다녀오니까 완전 거지가 됐어.여행에 총 얼마 썼어?
475,일반 대화,우리 회사 신입 들어왔는데 완전 골 때림 ㅋㅋ왜 ㅋㅋ 사고 치고 다님?/나도 신입 때 사고 많이 침
476,일반 대화,아 오늘 가는 날이가 ㅋㅋ 몸은 좀 어때?막상 가면 하는데 가는게 너무 귀찮아 ㅋㅋ
477,일반 대화,나도 고맙게 생각하고 있음.기념일마다 파티해서 사진 찍는 것도 다 동영상의 소재로 쓰이고 있음
478,일반 대화,응 ㅋㅋ 그래서 31일 기다렸다가 사이즈 업 공짜로 해서 먹잖아ㅋㅋ 한달에 한번 아이스크림 먹는 날이네
479,일반 대화,지금 주택에 산다고 했나?웅 나 지금 주택에서 지내지 ㅠㅠ
480,일반 대화,지금은 좀 알어.그러면 나도 알려줘.
481,일반 대화,어디서 만나실?서면에서 만나서 밥 먹고 전포로 넘어가는 거 어때
482,일반 대화,저렴이도 있던데 그걸 사볼까?에이 비싼것도 효과 없는데 그런건 더 없겠지~
483,일반 대화,나도 쌀국수 먹고싶다넌 뭐먹었는데?/셋이 먹음?
484,일반 대화,근데 확실히 길가 다녀봐도 강아지 산책 시키는 사람들이 더 많아진 느낌이야맞아 그건 그래!/우리 동네에도 강아지 산책 시키는 모습 정말 많이 보이거든!
485,일반 대화,나도! 앉았다 일어나면 띵해서 어지러워휴 생리 때만 되면 더 심해져서 큰일이야
486,일반 대화,아... 살 찌면 사료가 안 맞는 거 아니야? ㅠㅠㅎ 전에 갑자기 살이 너무 빠지고 안 쪄서 좋은 걸로 바꿨더니 뚠뚠이 돼서 다시 바꿔줘야 대
487,일반 대화,매일 매일 스티커라도 좀 붙여야겠어.나 그거 해봤는데 그래도 며칠은 하게 되더라.
488,일반 대화,나 뮤지컬 드라큘라 보고싶어우와 누가 주인공이야?
489,일반 대화,"지금은 보험처리 중이고, 한의원 다니고 있어.아 아직 합의는 안 한거구나."
490,일반 대화,한번 사면 다시 사기 어려우니까 산다면 큰 평수로!오 아무래도 그렇지!/넌 고층이 좋아 저층이 좋아?
491,일반 대화,오히려 내 가족이다 생각하면 안 될 것 같아.하긴 난 진짜 내 가족이랑도 죽어라 싸우는데.
492,일반 대화,그러면 너는 다 보고 또 보는거야?응 나는 지금 3번째 보고 있는 중이야
493,일반 대화,나 만들고 먹고 졸 빨랐지 않냐ㅋㅋ 근까 또 강아지 옆에서 뺏어먹을라햇을듯
494,일반 대화,내년에는 이런 풍경들이 다시 돌아왔으면 좋겠다.그래도 나는 김장 너무 힘들어서 가고 싶진 않아.
495,일반 대화,우와 영화관 알바에서 썸탄다던데!에이 그냥 일만해도 바빠
496,일반 대화,에프돌려먹지 나는 오징어회나 아나고회먹고싶네나도좀 프레시한게 먹고싶네? ㅋㅋ
497,일반 대화,그래. 이미 일어난 것은 어쩔 수 없으니 앞으로는 유념하고 행동하도록 해.알았어. 오늘은 일단 지금이라도 양초 켜 놔둬볼게.
498,일반 대화,전문적인 단어 섞어가면서 욕 많이 먹었나 봐 ㅋㅋㅋㅋ 그렇게 보이긴 하던데 취향대로 막 하는 느낌은 없잖아 있어
499,일반 대화,경복궁 야간 개장 티켓팅이 어제였다고 해.그게 뭔지 모르겠는데 설명해줄래?
500,일반 대화,너 콜센터에서 일 해본적 있어?응 한 달 만에 그만뒀지만...
501,일반 대화,그것도 생각해봤는데 기숙사는 재미없어서 싫더라고.그렇구나. 기숙사가 좀 재미없긴 하지.
502,일반 대화,그니까 전에 보지 못한 것들이 많아맞아 공유 형태가 많아
503,일반 대화,보드 게임 하는 곳 많아.진짜 별게 다 있네.
504,일반 대화,요새 날 시원해져서 땀 덜나맞아 점점 선선해지고 있어
505,일반 대화,나 이제 곧 빨래하러 가야 한다 ㅜ빨래 아까 했어/다 널었지 ㅋㅋ
506,일반 대화,처음 들었을 때는 진짜 이상했는데.지금도 이상하지 않아?
507,일반 대화,난 크리스피크림 도넛!글레이즈드?!
508,일반 대화,어어 그래서 아이들끼리 같이 살면서 지내는... 각자 연애 스토리 나오고아 고등학생들이야? 중학생?
509,일반 대화,해수 진짜 연기 잘하지 않아?박해수가 누구더라?
510,일반 대화,응 ㅋㅋ 그게 내 행복이야 그래서 그런가?그렇게 하면 역류성식도염 가는 고속티켓 끊은거랑 다름없대 ㅋㅋ
511,일반 대화,그래도 말해 봐.반찬투정하다가 싸웠어.
512,일반 대화,ㅋㅋ 시즌2가 완전끝? 아님 3도 가능성?지금이 시즌3이야 시즌3로 완전 끝
513,일반 대화,굳 아이디어점점 편리하도록 물품도 구비되고 법률도 계정되는것 같아
514,일반 대화,그런곳들은 말을 안걸어?응 자라나 h&m같은 데는 점원이 돌아다니지 않아
515,일반 대화,그렇다고 하네 생쥐로 임상 실험을 했는데 암 세포가 엄청 줄었대!정확히 몇 프로가 줄었다고 해?
516,일반 대화,삼시세끼 다 먹어야해김치가 빠질 수 없지
517,일반 대화,너는 대학교 무슨 과 다녀?~대학교 중어중문학과 나왔어 중국어
518,일반 대화,후후 이번에 만나기로 했어서웅웅 여친은 걱정 안할거야
519,일반 대화,그니까 ㅋㅋ 일부러 못사게 하려고시세 유지를 하고 싶은 건지 뭔지
520,일반 대화,어 인천 그 호텔 되게 유명한 곳 아니야?어 맞아 거기 전시장도 있고 촬영도 많이 왔었어!
521,일반 대화,"애기가 6살 이래, 걔가 뭘 안다고,근데 요새 스쿨 지역인가 진짜 좀  너무해"
522,일반 대화,오십견도 아니고 스트레스 미침 ㅜㅜ늙으면 고생한다 친구야
523,일반 대화,그냥 무난하게 검은색or회색 하려구오... 정말 무난하다
524,일반 대화,그러니까...우리 때보다 흡연 청소년이 늘어나는 거같아서 씁쓸하네그러게...우리 때도 없는 건 아니었지만 그래도 선생님들 지도에는 따랐는데...
525,일반 대화,당연하지 템 준비해 놓을게.나 물약도 사야 돼.
526,일반 대화,강원도쪽으로 가려고안돼~ 여기랑 너무 멀잖아.../너 무슨 일 생기면 누가 도와주러 가ㅠㅠ
527,일반 대화,응 ㅋㅋ 돈 열심히 벌고 고양이 키워야지~!부양 가족을 위해 화이팅 해보자! ㅋㅋ
528,일반 대화,어! 경찰이 잡는 거 봤어!와 도주했어? 그럼?/왜 그런데
529,일반 대화,아 그래? 나 각질제거 거의 안하는데 이제부터 꾸준히 해야겠다응 하하 각질 제거는 일주일에 한 번씩 해주는게 가장 좋대~
530,일반 대화,ㅋㅋ 진짜 편하고 싶어서 우리도 꿀알바만 찾잖아근데 서비스직은 너무 맘고생해…
531,일반 대화,근데 추가 접종 하면 감염 예방 효과 더 높다 하긴 하더라고글킨 한데 나는 2차 때 너무 아팠어서 ㅠ/좀 고민 된다 ㅠㅠ
532,일반 대화,맞아. 근데 하면서 힘든점도 있나봐.어떤게 힘들대?
533,일반 대화,난 진짜 막 오랫동안 놀러 가고 그러면 못 살 듯그니까 ㅋㅋ/근데 주택이 좋은 거 같아 아파트가 좋은 거 같아?
534,일반 대화,그러면 당구도 금방 배우겠네나는 뭐든 빨리 배우니까 금방 일거야
535,일반 대화,나도 그 때만을 기다리고 있어.언니 인내심 대단하다.
536,일반 대화,저층에는 벌레가 잘 들어와서 싫어저층에는 벌레가 많이 들어와?
537,일반 대화,우리 아빠 어제 캠핑카 사왔다 ㅋㅋ와 대박 ㅋㅋ 그거 진짜 사는 사람이 있구나
538,일반 대화,몸을 조금 움직여야겠어.싸이클 살살 타.
539,일반 대화,맞어... 취업도 얼마나 힘들어 요즘 세상에취업 말하지 마 취업 준비 토악질 나오니까
540,일반 대화,"맞아 근데 가격대가 꽤 나가더라구, 추천 하는 소품 있어?장식용 식물도 많으니까 그것도 한번 알아봐!"
541,일반 대화,더블은 그냥 방에 두기에는 좀 크지ㅠㅠ이제 좀 넓은 침대를 쓰고 싶더라고ㅠㅠ
542,일반 대화,전기차는 좀싸긴한데 ㅋㅋ 운전할사람이 둘이상 아니면 택시하는게나음 ㅋㅋ앜 ㅋㅋ 난 운전 좋아하긴하는데
543,일반 대화,초콜릿 먹으면 이가 아픈거 같아...나 사랑니 빼야되는데 무섭다.../양치할때마다 튀어나온 사랑니가 보여
544,일반 대화,응 반찬겸 소스~!오 맛있겠다
545,일반 대화,ㅋㅋ 그리고 내가 약을 잘 못 삼켜서... 못 먹겠어 ㅜㅜ악! ㅋㅋ 제 동생이랑 같네요 그래서 비타민 젤리 사줬어요 ㅋㅋ
546,일반 대화,옆에남자 오겜주행중 ㅋㅋ아 서울 가는 버스가/니는 뭐 보면서 가는데
547,일반 대화,그럼 시간 때문에 그런 거? 시간이 타이트하나 ㅋㅋ?응응 막판 가면 손님 몰려서 제한시간이 빡심 ㅠㅠ
548,일반 대화,재난지원금 받으러 가야하는데 ㅠㅠ재난 지원금?
549,일반 대화,내가 가족들한테 이건 29도 정도의 기온이야 이랬거든ㅋㅋ 근데 맞았어?
550,일반 대화,걸릴 게 없으면 해명하지 가스라이팅 안하지의심이라니? 너 지금 여자랑 있어서 내가 의심한다고 피해의식 느끼는거 아냐?
551,일반 대화,그럼 나도 살래 ㅋㅋ 니  따라해야지강추합니다 ㅋㅋ 절대 광고 아님 진짜 좋아서 추천
552,일반 대화,어 ㅋㅋ KT직영점보다도 더 싸던데?그럼 나도 바꿔야겠다 ㅋㅋ/근데 나는 번호 이동해야 하는데
553,일반 대화,ㅋㅋ 근데 나도 논산 갔다가 대전으로 갈 거 같아!논산은 진짜 할 거 없어 논산 오게?
554,일반 대화,? ㅋㅋ 케이크세젓가락이안먹은거야?웅 배에 안차서 먹은느낌도 안나네
555,일반 대화,다 사람이 하는 일이다 보니 어느 정도 배려를 해줬으면 하네그러게. 버스 기사님의 처우가 개선되면 좋겠다
556,일반 대화,분명 하루 이틀 안에 온다고 했는데 안 오네 ㅋㅋ이상한 쇼핑몰이네요 이유도 안 알려주고
557,일반 대화,그런가 보다... 송중기 잘됐으면 하하송중이는 고생 그만해야 해
558,일반 대화,게임 해본 거 있어?잘하는 건 아닌데 ㅋㅋ 카트  같은 거 마니 햇던거 같애
559,일반 대화,우리도 그 정도 했던 듯 한 400 ㅋㅋ어우 차라리 2년제 나와서 바로 취업하는 게 나은 듯
560,일반 대화,스포츠 경기 직접 보러 간 적 있어?나 야구장 울산에서 한번 가봤당!
561,일반 대화,아 비혼주의자시구나  그럼 남자친구는 있으셔?응 지금 동거하고있어
562,일반 대화,배드민턴 치려고 라켓 샀다언제 치려공 ㅋㅋ
563,일반 대화,나 친구 생일 선물로 인형 만들 수 있을까?아직도 안 만들었어?
564,일반 대화,가족 모임이 너무 잦으면 안좋은가?안좋은건 아니지만 너무 많이해도 귀찮을 것 같아
565,일반 대화,응... 나한테 맞는 운동이 뭔지 모르겠네수영하면 좋을거 같긴한데 이 시국에 수영은 좀 무리겠지...?
566,일반 대화,아마도 그렇겠지? 제발 이제 사람들이 환경에 대해 많이 생각해 줬으면 좋겠다내 생각도 마찬가지야. 일단 우리부터 실천해보자.
567,일반 대화,이거 블로그 보면 다 나와있는데 난 도저히 못 따라하겠더라 그래서 삼쩜삼으로 했어삼쩜삼? 대리해주는 곳이야?
568,일반 대화,그러면 렌트 하면 언니가 운전해?서로 번갈아 가면서 운전하지
569,일반 대화,내일 비온대?아니 날씨 바뀌었다
570,일반 대화,걔네는 만나면 뭔 얘기함걔네는 딴 얘기는 별로 안 하는데 내내 족구 얘기함
571,일반 대화,맞아 ㅋㅋ 긁는 게 훨씬 자연스럽긴 한데 진짜 칼로 긁는 거잖아!나는 그래서 속눈썹 펌만 해!
572,일반 대화,ㅋㅋ 가자! 난 영양사니까오 너도 영양사구나
573,일반 대화,학원 선생님에게 발길질 했다고 엄마를 부르더라발길질을 했다고?
574,일반 대화,어쨌든 돈 문제로 이런저런 이야기 하는 것도 귀찮아서 이게 더 나은듯맞아맞아
575,일반 대화,근데 이제 스트랩은 그만 사야 할 것 같기도 해.너무 많이 사서?
576,일반 대화,5만원 정도면 적당하지 않을까 싶어그럼 너의 반절만 낼게
577,일반 대화,보이스라는 영화 100만 돌파했다고 거기 출연한 남자 스우파 춤추는 것 봤어요 ㅋㅋ헐 진짜? 그런 영화가 나왔어?
578,일반 대화,하하 응응 다음주부터는 더 추워진다고하더라너도 슬슬 긴 잠옷으로 입어!
579,일반 대화,신기하다 뭐 사는데새벽 배송이 너무 편해서
580,일반 대화,내 친구 옛날에 이구아나 키웠는데 정말 귀엽더라나는 조금 무서운데 귀여웠다고?
581,일반 대화,진짜 정신 놓고 있으면 한순간이더라.원래 환승해야 할 곳에서 얼마나 더 멀리 간거야?
582,일반 대화,두 시간에 한 대 ㅋㅋ응? 거짓말 치지 마.../그럼 그거 놓치면 못 나가는 거잖아 ㅠㅠ
583,일반 대화,그니까 가을에 딱 트렌치 코트 입는 그 재미가 있는데 말이야난 가디건 ㅋㅋ/더워서 입지를 못 하고 있어 ㅋㅋ
584,일반 대화,내일 스팸이 올거야순간 문자인줄 알았네 ㅋㅋ
585,일반 대화,제일 좋아하는 운동이 뭐야?나는 좋아하는 운동은 없고 가끔 인라인 타!
586,일반 대화,맞아 훨씬 심하게 다쳐.확 들이 받을 수도 없고 정말./좀 진정하는게 좋겠어.
587,일반 대화,맞아 질 좋으면 비싸도 이해가가그럴 땐 가심비가 작용하겠다 하하
588,일반 대화,아 웨빙이라고 ㅋㅋ 타프 칠때 필요한거 담아둠아아...뭔지 잘 모르겠다 ㅋㅋ/나는 이번달 하나도 안사서 적립된 금액이 0원이네;
589,일반 대화,나는 내가 상대방한테 중요하지 않다고 느낄 때 상처를 받아그렇게 느낀 적이 있어?
590,일반 대화,아 지금은 괜찮으셔? 그럼 당연히 그럴 수 있지내 친구 할머니도 백신 맞고 돌아가셨대
591,일반 대화,야 먹방보자나 배에서 산이 나와! 그럼 소화가 더 잘되면서 운동효과가 넘쳐아 진짜 ? 과학적으로 증명된거야?
592,일반 대화,입술 필러 언제 맞으러 가지마스크 쓰고 다니는데 입술 필러 맞게?
593,일반 대화,잔여 백신으로 백신 맞을 수 있다던데맞아 나 2차 그렇게 맞을까 싶었는데
594,일반 대화,우리 영어 튜터 진짜 웃긴다 ㅋㅋ뭔 일 있었어?
595,일반 대화,아 진짜? 우리 집은 또 그렇게 교육열이 없어서오 태권도 태권도 진짜 배워보고 싶었는데 ㅋㅋ
596,일반 대화,신기하고 대단하다 ㅋㅋ일단 얼굴에서 티가 안 나는데 일반인은 티 나잖아 ㅋㅋ
597,일반 대화,응응 지난 주에 생신이라서 옷 사드렸거든 ㅋㅋ오 ㅋㅋ 어떤 거 사드렸는데 현금을 젤 좋아하실 텐데?
598,일반 대화,하하 실제는 어떻게 생겼을까 궁금하네 영화배우히히 디카프리오 다른 영화도 많이 나와라
599,일반 대화,요즘 코랑 목도 너무 건조해서 틀긴 해야겠어.가습기 틀어 놓으면 건강 관리도 되니까 꼭 틀어.
600,일반 대화,응응...해변열차도 있던데 그건 자유이용권이 13000원이네...이게 낫겠다 싶다...아 똑같이 바다보는 거면 그게 더 낫겠네ㅜㅜ
601,일반 대화,톰 하디 진짜 멋있지 않아?맞아 연기도 잘하고 내 스타일이야.
602,일반 대화,우리 농협에서 계좌 썻자나응 그랬지
603,일반 대화,오 ㅋㅋ 세트구성에?아 그냥 치킨인데 같이 들어있더라
604,일반 대화,피부과 같이 갈래?나는 피부과 가 봤는데 못 빼준다고 했어.
605,일반 대화,조만간 무화과를 꼭 먹을 거야.엄청나게 비장한 태도네.
606,일반 대화,보약을 하나 해먹어야겠어체력이 많이 떨어졌나봐
607,일반 대화,어떤 회장은 지원받은 돈 들고 나르기도 했다더라전재산을 몰수해야 해
608,일반 대화,ㅋㅋ 응잿어61가뿐하게넘었더라 넘 많이먹었네 ;ㅋㅋ 58해여지 ㅋㅋ
609,일반 대화,우리집 강아지 오늘 아침에 토했어 ㅠ헐? 갑자기? 어디 안 좋은 거야?
610,일반 대화,응 이렇게라도 바람 쐬고 와!ㅋㅋ 알았어/고마워/너는 언제가 마지막이야?
611,일반 대화,2.1 모았다1890/와 ㅋㅋ
612,일반 대화,그냥 살 뺀 줄역시 남자는 코를 세워야 해.../인물이 확 달라져\
613,일반 대화,요즘 뒷목이 계속 땡겨서 한의원 가서 침맞고 있어 ㅜㅜ너 너무 오래 앉아 있어서그래 가끔 스트레칭도 해줘야돼
614,일반 대화,ㅋㅋ 우리 아빠는 놀러 다니는 거 좋아하는데 우리 엄마는 진짜 싫어해우리는 다 좋아하는데 다 따로따로
615,일반 대화,너무 빨리 추워지진 않았으면 ㅋㅋㅋㅋ 아직까진 에어컨 틀었는데 18도는 춥다...온도 좀 높여야지
616,일반 대화,응 ㅋㅋ 특히 마스크때매 그런 거 같아맞아 입 주변에 엄청 나고 ㅠㅠ/짜증나
617,일반 대화,어 ㅋㅋ 한 순간에 신데렐라 신부가 된 거지!그 여자도 진짜 대단하다!
618,일반 대화,진짜 울 엄빠는 운이 좋아서 다행인 거지ㅠ진짜 다행이지ㅠ 자영업도 정말 자영업 나름이야/우리 어제 돌아다녔을 때 카페들도 다 사람 넘쳐 났었잖아
619,일반 대화,분명 오늘부터 다이어트 시작한다고 한 것 같은데 떡볶이 시킴.괜찮 나는 지금 치킨이랑 피자 기다리는 중임.
620,일반 대화,나한테 잘 어울리는 색이 뭔지 모르겠어초록색 어때? 너 초록색 많이 입던데 ㅋㅋ
621,일반 대화,그거 하면 할인되는 거야? 어떤 거지? 너한테 처음 들음ㅋㅋ 나처럼 대중교통비 많이 나오는 사람 잘 없지 않을까?
622,일반 대화,반려동물 혹시 키우고 있어?응 나는 개 키우고 있어. ㅋㅋ
623,일반 대화,응 요새 알뜰도 여러개라 혜택 잘 보고 가입하면 좋을거야넌 어디꺼 쓰는데?
624,일반 대화,와 그런것도있음?네
625,일반 대화,그치 ㅋㅋ 식단 하는 게 제일 어려운 것 같아식단 하는 게 젤 어렵긴 하지 그래도 다이어트 화이팅 행!
626,일반 대화,아 어릴 때는 기관지 안 좋은 애들 많더라 치료 다 받았어 ?치료는 지금은 안 받는데  귀에 물 들어가는 건 아직 조심해야돼 하하
627,일반 대화,요즘 축구 배워보고 싶어 ㅠ헐 나돈데 ㅋㅋ 그 프로그램 때문에
628,일반 대화,ㅋㅋ 어 오늘 쁘띠 야근하고 와서 저녁밥까지 차려줘서 좋았다좋네 ㅋㅋ 누가 차려준 밥이 그렇게 맛있더라...
629,일반 대화,한강 라면도 먹었어?당연하지! 미쳤던데 마싰어 ㅠ
630,일반 대화,저녁에 가면 되지~그래야지 하하 내일은 두시간 산책 시켜줘야겠다
631,일반 대화,응 지금 세일 중이야헐 나도 가야겠다 옷이랑 다른 것도 팔아?
632,일반 대화,언니네 역 앞에도 포장마차 있어?포장마차? 요즘엔 그런 거 없지 않나?
633,일반 대화,아 정말? 일하는 곳이 근처라서 필요 없을려나 하하맞아 그렇긴 해 ㅜㅜ 도보가 짱이지 차 뽑고 싶당
634,일반 대화,된장 아니고 탕국이라고~그거나 그거나~
635,일반 대화,하지만 후원금이 커서 하게 되는 것 같더라고메이플스토리 인내의숲도 그래
636,일반 대화,얼마나 많이 보냈길래 그래.나는 편지쓰는 거 좋아해서 많이 보냈지.
637,일반 대화,연출이 좀 대박이었던 것 같아 하하근데 초콜릿들은 진짜 먹어보고 싶었어 하하
638,일반 대화,하하 다들 줄서고 난리도 아니었어와우 실시간으로 가서 하는거도 있어?
639,일반 대화,무슨 파스타가  젤 좋아?어우 파스타도 그때그때 달라 ㅜㅜ 토마토 크림 바질 등등 ㅜㅜ/바질 먹구 싶다
640,일반 대화,맞아ㅋ 빨리 에너지를 소진하고 강렬하게 만나서 놀다가 집에 가는거지ㅋㅋ 그정도면 방탈출 친구아냐? ㅋㅋ
641,일반 대화,응응 짤막한 비디오 많이 찍었거든.어려울 거 없이 비디오들 연결해서 자막 좀 달면 괜찮은 브이로그가 돼.
642,일반 대화,어려서 그땐 잘 다녔지팔팔했었다 그때는
643,일반 대화,다들 관절 다쳐서 오더라.관절에 무리가 많이 가.
644,일반 대화,"너 히치하이킹 해본 적 있어?아니, 늘 차를 준비해가서 해본 적 없어"
645,일반 대화,너는 어쩌다가 싸웠어?남자친구가 연락이 안 돼.
646,일반 대화,응 ㅋㅋ 안했지이제 그 시간대에 나가면 되겠다
647,일반 대화,그러게 그때의 미모가 아직까지 유지되는게 신기해! 이나영도 최근에 광고 나온거 봤는데 거의 그대로더라?난 이나영 너무 좋아하잖아ㅠㅠ 강동원이랑 예전에 찍은 영화 혹시 알아? 거기서 진짜 예쁘게 나오는데...
648,일반 대화,애정결핍 없는 사람이 있을까?진짜로 사랑받은 사람 몇몇은 없을것 같아
649,일반 대화,개발사에서 만드는 대단히 큰 게임은 아니더라도 작은 규모의 팀이 게임을 만들어 내는 것이 신기해.유명한 스타듀밸리도 1인이 모든 것을 작업 해서 만들어 낸 결과물이잖아.
650,일반 대화,그럼 어떻게 해?엄마한테 등짝 맞아야 지/아니면 국자를 새로 사든가
651,일반 대화,적어도 3년 정도는!그렇구나. 부모님이랑 남편은 불편해하지 않을까?
652,일반 대화,와 보니까 공짜로 알려주네?그치?! 친구도 그거 들었대
653,일반 대화,아니야 그냥 온 세상 사람들 다 맞어...그러면 눈은 모든 사람들을 다 좋아하는 거네
654,일반 대화,멋지다 정말 현대인인걸언니도 1번 해 봐
655,일반 대화,나는 처음에 나인가하고 죄송하다 하고 우리집 모서리마다 다 양말신겨 놓고 이랬는데 공부할 때 에어팟 끼고 해서 몰랐단말이야 내가음 너무 그 사람이 예민한 거 아님?
656,일반 대화,응응 백신도 많은 인원이 접종했고 지금처럼 마스크 잘 쓰고 다니고 하면 괜찮을듯지금 미성년자들도 접종 중이니까 시간 지나면 더 괜찮겠지
657,일반 대화,먹고 싶노우리 생일은 이미 끝났다
658,일반 대화,그래서 지금 사람들한테 엄청 욕 먹어뭐라고 했길래...?
659,일반 대화,아? ㅋㅋ 진짜 그러면 개짜증 아니나가?ㅋㅋ 너무 아쉽지 ㅋㅋ/진짜 늘 간발의 차로 ㅋㅋ 시간 오바
660,일반 대화,집을 알아봤는데 다른 곳보다 점오배가 비싸더라고그럼 가격 차이가 많이 나긴 하네
661,일반 대화,감사해야대거기막 총으로 다죽엿던데 국기들엇다고
662,일반 대화,초코비 실제론 별로라 실망했어짱구 먹방의 실망
663,일반 대화,그렇긴해. 집값은 계속 오르는데 내 월급은 그대로니까굳이 무리해서 집을 사야하나 싶어
664,일반 대화,너 배드민턴 안 칠래?배드민턴? 나 진짜 못 쳐.
665,일반 대화,알투비트 나도 했었는데 ㅋㅋ 언니도 그거 좋아했어?엉 알투비트 재밌었고 카트라이더도 했어
666,일반 대화,기름값이 너무 비싸.그 이유도 있겠다.
667,일반 대화,이번 주에 보이스 보러 가는데 이 영화 알아?응 나 저번주에 보고 왔어 ㅋ
668,일반 대화,그런데 이번에 신기한 상술을 쓰더라고?어떤 상술을 쓰길래 그래?
669,일반 대화,나 지금 쓰는 블루투스 키보드 때문에 어깨 더 아픈 거 같아.키보드 때문에 어깨가 아파?
670,일반 대화,네 애인이 루지를 아주 좋아하는 걸로 알아처음 들어봐 혹시 해본적 있어?
671,일반 대화,영어 과외를 한 거야?웅 그랬던 거 같아/근데 때려침
672,일반 대화,중국에서 4일만에 5천만원치 생산해서 팔았는데 완판이야!와 4일 만에?/대박이다 2일이면 내 연봉이네 ㅠㅠ
673,일반 대화,아 홈플러스 쿠폰 언제까지랬지홈플러스 쿠폰10월 1일까지 가능이니까 추석내려갔다가 올라올때 시키면 될거같아
674,일반 대화,근데 난 너무 귀찮아맞아 걷기가 좋아
675,일반 대화,응응 도박묵시록 카이지 이런 거 생각나는 ㅋㅋ다들 그 얘기 하더라 ㅋㅋ
676,일반 대화,짱구는 못말려 극장판 본 적 있어?나는 옛날에 많이 봤지 하하
677,일반 대화,메타버스에 대해 들어봤어?요즘 차세대 플랫폼으로 가장 핫하잖아.
678,일반 대화,아 정말? ㅋㅋ 그럼 대학교는 수시로 갔어?응 난 수시로 갔어 ㅋㅋ
679,일반 대화,나 뒤쪽 두 명이서 타는 곳 앉았다가 ㅋㅋ 내리는데 넘 오래 걸림 ㅋㅋㅋㅋ 아 ㅋㅋ 막 인파를 뚫고 내려야 하잖아/역시 문 근처에 젤 맘 편하고 좋음 ㅜㅜ
680,일반 대화,친구가 나중에 회사 차리면 이름 '호' 라고 할 거래.호는 어디에서 따온 거야?
681,일반 대화,용돈 벌었어 ㅋㅋ그렇구나! 혹시 어려운 점은 없었어?
682,일반 대화,근데 여름에 시원한 수박 먹을 때 행복하지 않아?그치 음식으로 따지면 여름이 나쁘지 않아
683,일반 대화,괜찮아 우리 집에 고양이 한 마리도 키워서!고양이 귀엽겠다 나중에 보러 갈게 ㅎ
684,일반 대화,다들 머리 난리 났는데 빵긋 웃고 있어서 너무 웃겨ㅠㅠ아 ㅋㅋ 생각 났다ㅋ 나도 오랜만에 사진보고 와야지 ㅋㅋ
685,일반 대화,미국 서부 여행이 진짜 좋다더라고맞아 ㅋㅋ 나도 날씨가 좋다고 들었어
686,일반 대화,아 ㅋㅋ 너 빅뱅 좋아했어?그땐 그거 친구들 다 필수로 있었던 굿즈였거든 ㅋㅋ
687,일반 대화,그래서 징계 받았는데 정직 2개월...뭐여 그게 ㅡㅡ 근데 그건 회사 측에서 잘못한 거 아님?
688,일반 대화,맞아 ㅋㅋ 오늘 클리오 빌려서 갔다 왔거든~클리오는 뭐야?/차 이름이야?/혼자 다녀왔어?
689,일반 대화,맞아 그래서 스터디 카페를 다니기 시작했어일정하게 들리는 소리에 받는 스트레스가 크더라
690,일반 대화,친구도 오늘 제주도 갔어 ㅋㅋ와 제주도 사람 엄청 많겠다!
691,일반 대화,아 진짜 울퉁불퉁해져? 빠지면?필러도 좋은 걸로 맞아야 해~
692,일반 대화,진짜 괜찮던데? 생긴 것도 그렇고 직업도 좋아오오 그러면 내가 나갈래 언제야?
693,일반 대화,여름 너무 싫어 ㅜㅜ 매미소리 시끄럽고 ㅋㅋ시골 가면 좋은데 잘때는 너무 시끄럽긴 해
694,일반 대화,그거 하고 나서 속눈썹은 안 상해?속눈썹 펌은 2달 안돼서 1.5달? 에 한번 해서 좀 들 상하는 거 같아!
695,일반 대화,재밌는 걸 떠나서 언니랑 가면 엄청 싸울 것 같아맞아 가족들끼리 여행 가면 잘 싸운데
696,일반 대화,맞아. 유튜브에서 본 적이 있는데 정말 귀엽더라.맞아. 나도 봤어 진짜 귀여워.
697,일반 대화,오오 하하 진짜 대단한 거 같아 하하그래도 크면서 애교는 줄었다
698,일반 대화,너 블로그 있어서 그거 해 보면 되겠다웅 근데 해본 적이 없어서 잘 하려나 모르겠어 ㅠㅠ
699,일반 대화,오늘 코로나 확진자 수 보셨어요?아 저는 주변에서 말하는 걸로 주워들어서... 보진 않았어요 하하
700,일반 대화,오 너 합격하면 나한테 팁도 가르쳐줘~그래 알겠어/이것도 컴퓨터니깐 잘 할 수 있을겨~
701,일반 대화,응 예전에 시장 근처에 있었어!아 그래? 누구랑 갔는데
702,일반 대화,아 ㅋㅋ 요즘엔 그런 게 있구나 ㅎ사과칩 바나나칩 고구마말랭이 굿!
703,일반 대화,네일 받고 싶다내가 다니는 샵 소개시켜줘?
704,일반 대화,맞아 자대 배치받고 나면 요즘은 휴대폰 이용시간 있다고 하더라고그나마 다행이야
705,일반 대화,인더숲이 뭐야?티빙 어플에서는 못 보게 해놨더라 얼탱/티빙은 라이브 방송도 결제해야지 볼 수 있거든
706,일반 대화,내가 원한건 아니고 ㅜㅜ 동생이 정주행 하는거 옆에서 보는 중아아 어쩐지 새로웠다 ㅋㅋ
707,일반 대화,나 원플원으로 받았는데 너 하나 줄까?헐 주면 좋지 무슨 색상이야?
708,일반 대화,들어봐!근데 지금 이 시간에 듣기엔 좀 무서울거 같은데
709,일반 대화,하얀 부분이랑 경계가 보일 정도야.아놔 경계가 보인다니 웃겨.
710,일반 대화,가고 싶지 ㅋㅋ 그때 같이 놀던 사람들도 그립고ㅋㅋ 망할 코로나 ㅋㅋ/간 김에 미국 여행도 가면 완전 개꿀이었는데
711,일반 대화,맞아 혼자도 먹고살기 힘들어서 그래일단 돈이 있어야 결혼도 생각할 수 있지
712,일반 대화,그럼 요즘은 왜 갑자기 많이 없어진 거지?요즘 구매자들은 조금 실용적인 부분은 더 추구하는 것 아닐까?
713,일반 대화,ㅜㅜ 일주일에 한번은 만나!ㅋㅋ 제가 그럴 시간이 없어요 ㅋㅋ
714,일반 대화,유럽에서 꼭 가보고 싶은 나라 있어?스위스는 꼭 가고싶어 사진보니까 동화 속 한 장면 같더라고./다음에 꼭 같이 가자ㅎ
715,일반 대화,아... 어딜 가도 그건 인간 문제임나는 성격부터 죽여야 함...
716,일반 대화,토할거같아?아니 그냥 울렁거려
717,일반 대화,제주도에 당일치기 여행을 가보면 어떨까?내가 한번 비행기편을 알아볼께
718,일반 대화,비행기가 무서워.비행기가 왜 무서워?
719,일반 대화,10.5(화)화는 쓸수있을듯 미리 말하면 너는?
720,일반 대화,그러게 나 같으면 호적 파려 했을 듯!그래도 자기 자식이니까 아끼는 듯
721,일반 대화,"어쨌든 얼굴이 갸름해졌어부은 것 같아, 저거 안 아파?"
722,일반 대화,아 진짜? 그러면 못 갈 확률 겁나 큰디...?너 어디 가는 곳 있냐?
723,일반 대화,그래야지 뭐... 우리나라 쇼핑몰에서 살까 싶은데 샵 고르는 것부터 고난이도다하도 많긴 하지 ㅋㅋ 모아 놓은 어플에서 고르는 건 어때?
724,일반 대화,아 진짜 행복한 꿈이다 하하ㅋㅋ 빨리 내가 비행기를 알아봐야겠구만 하하
725,일반 대화,10키로라니 엄청나게 많이 빠졌다!맞아 매일매일 산을 타다 보니까 금방 빠졌던 것 같아
726,일반 대화,ㅋㅋ 맞어...인기 많았지만 안봤다...그칰 ㅋㅋ 아 이번주가 펜트하우스 드디어 마지막회
727,일반 대화,갈색 쓰고 니 한번도 안 본 듯 ^^니가 관심 없는 거 하하 매번 썼다 ^^
728,일반 대화,거기 산 지는 얼마나 됐어?어 여기 온 지 3~4달 된 듯해/부모님은 물론 계속 사셨고
729,일반 대화,수도권 거리두기 완화된 거 알아?이제 백신 맞은 사람 있으면 더 모일 수 있는건가?
730,일반 대화,잘 모르겠음!인원 수 제한 있을 거 같아 ㅠㅠ
731,일반 대화,아 진짜 우리 애기들 건강했으면 좋겠다건강할 거야 좋은 주인을 만났잖아 하하
732,일반 대화,나 갑자기 슬러시 먹고 싶어옛날 학교앞 문방구에서 팔던 그런 슬러시?
733,일반 대화,새로 개업한 곳에 간 거라 엄청 깨끗했대.개업한데라 홍보하려고 그랬나 보다.
734,일반 대화,헐 고슴도치 똥 냄새가 그렇게 심해?똥구린내 장난 아니야 ㅋㅋ
735,일반 대화,됐거든 ㅋㅋ 신혼집은 언제 들어가?이번달 말에 들어가려고 하하/내가 신혼집이 생긴다니... 믿기지 않아
736,일반 대화,며칠전에도 치더라고 천둥번개가소리가 너무 커가지고
737,일반 대화,대탈출 예전꺼 생각보다 괜찮던데기대치가 정말 없었나봐
738,일반 대화,에이 게임은 쉽고 단순해 하하ㅋㅋ 예전에 쿠키런 했던 것처럼 하면 되는 건가?
739,일반 대화,그치? 진짜 화려하기만 한 ㅋㅋ회전목마 타니까 손도 흔드네? ㅋㅋ
740,일반 대화,너는 핸드폰 게임 뭐해?나 요즘 쿠키런에 완전 푹 빠져있잖아
741,일반 대화,"헐 ㅋㅋ 나도 탈락이 무섭더라, 근데 나는 구슬치기가 슬펐어맞아 그거 진짜 슬펐어 할아버지 ㅜㅜ"
742,일반 대화,방독면을 안쓰면 피부에 엄청 안 좋을 것 같은데그럴 것 같은데 훈련이니까 안할 수가 없어
743,일반 대화,"맞아... 진짜 우리나라 일 아니더라도... 신경쓰이고... 마음 아파우리나라에도 태풍 오진 않겠지,? ㅠㅠ/너무 걱정된다"
744,일반 대화,넘 무서워서 자꾸 뒤돌아 보는 중음쓰 버리러 나가야 하는데 내일은 비 안 올까...?
745,일반 대화,그게 뭐 뭐 들어 있어?들어 있는 건 모르겠고 따로 챙기는 것보다 그게 복합적으로 다 들어있는 거 아닐까?
746,일반 대화,소랑 양이 많아서 고기도 엄청 쌀듯한데?헐 스테이크 짱 싸겠다
747,일반 대화,햄찌 귀엽던데 ㅠㅠ 햄토리 같고 작고 소중해맞아 지금은 영상도 많이 나와서 귀엽긴 하더라고 ㅋㅋ
748,일반 대화,그치 ㅋㅋ 그래서 지금 퇴사도 진지하게 고민이야그럼ㅠㅠ 원래 그런 것도 중요해.../일도 없는데 하루종일 어떻게 있어ㅡㅡ
749,일반 대화,요즘 포켓숲 퀘스트 깨려고 알람 맞춰서 일어남지금 완전 진심 됐네?
750,일반 대화,그걸로만 300만원을 번 선생도 있다더라입시 박사겠네 그분은
751,일반 대화,여드름 주사 맞고 싶다 ㅜㅜ오호 여드름 났나봐?
752,일반 대화,나 전 과목 다 할까 하는데 어때?!그럼 시간이 너무 빠듯하지 않을까?
753,일반 대화,오 괜찮다 그러면 오늘부터 그거 봐야겠다 ㅋㅋ나 아는 애는 이거 보면서 울었대 ㅋㅋ
754,일반 대화,ㅋㅋ 근데 나 두 개 다 하기 싫은데 운동이 더 싫으니까 이제 일을 즐기면서 하도록 해봐야겠다난 이번 생에는 글렀어/운동도 일도 다 싫으다.../내 친구 중에 필라테스 강사 하는 애 있는데 걔는 쉬는 날에도 혼자 운동하더라 ㄷㄷ
755,일반 대화,후진국인가?우리나라에도 못 사는 사람이 많으니까
756,일반 대화,붉닭소스를 좀 줄여야겠어.주 1회로 줄이도록 해.
757,일반 대화,맞아 음이랑 가사가 나쁘지 않다고 생각했어저스틴 비버가 음악에는 참 소질이 있어
758,일반 대화,이제 나이가 곧 60이다 보니 더 신경이 쓰이나 봐.나이가 중요한가 뭐./신경을 쓸수록 스트레스를 받아서 더 늙을 것 같아.
759,일반 대화,드립커피가 먹다보면 원두에 따라 맛이 확실히 달라서 맛있더라구나도 카페 배달 시켰다가 받은 드립백 있는데 한번 마셔봐야겠다.
760,일반 대화,맞아~ 수원에서 살 때는 어떻게 그걸 버텼는지 몰라~버텼다기보다는 그냥 알아서 포기한 거지 귀마개도 끼고 지내고~
761,일반 대화,의사한테 보내도 안 가겠다고 그렇게 뻐팅겨거기 의사 선생님 그래도 애들 잘 봐주지 않아?
762,일반 대화,다른 나라는 추운 시기에 뭐 하는지 궁금하다거기도 보통은 집에 난방하고 있을거야
763,일반 대화,갑자기 뼈 때리네. 너무해.그렇게까지 살찌운 언니를 탓해야지 뭐.
764,일반 대화,당연하지 하하... 그게 뭐냐고 하겠지나 초딩 때는 게임 이것저것 했던 거 같은데
765,일반 대화,인턴 해본 적 있어?인턴은 아직 안 해봤어
766,일반 대화,응 아니야 ! 아 이거 아닌가? 질문 형인 것 같아서 대답했는데 이거 맞지?아니. 질문형 아니였다 ^^ 난 있는 그대로 말 했을 뿐
767,일반 대화,그 평등이라는 아이러니가 눈을 가리는 것 같아평등하지만 평등하지 않다?
768,일반 대화,내가 어릴 적에 엄청 즐겨보던 프로였거든너 성대모사 잘하니?
769,일반 대화,요즘 유산균 챙겨 먹는데 언니 1일 몇 똥 해?나 일주일 1똥 변비녀야 ㅋㅋ
770,일반 대화,20분 넘게 벌세우고  다른 애들이 먹다 남긴 죽 억지로 먹이고 그랬대어우ㅠㅠ너무 악랄하다
771,일반 대화,나도 ㅋㅋ 난 솔직히 20살 때 부터 독립하고 싶었어넌 왜 독립하고 싶어?
772,일반 대화,어 그러네... ㅋㅋ 이정재가 백수인것도 당황이었는데 이병헌이요?넼 ㅋㅋ 그래서 읭스러웤 ㅋㅋ 그리고/스포해도돼?
773,일반 대화,아 진짜? 내 친구 논산 사람인데 남친이 이번에 강원도로 발령 났대!그럼 곧 이별 아냐?...
774,일반 대화,교무실에 불려갔니?응 맞아 삼층에서 일층으로 던졌거든
775,일반 대화,그래서 내가 아까 오늘 사러 갔었거든?엉엉 어때?
776,일반 대화,그래 ㅋㅋ 애들이 맨날 자는데 고칠 생각을 안 했지직무유기인 듯?/그래도 제일 선생님 같은 선생님이긴 했다
777,일반 대화,사랑니 많이 썩었대?눈으로 보기에 썩은거 같아서 겸사겸사 뺀거였는데/다행히 어금니까지 영향 줄정도는 아니었나봐
778,일반 대화,그래도 너네 집 근처는 깨끗하고 조용하자나그건 그래 ㅋㅋ 층간 소음도 없고
779,일반 대화,끊는데 도움이 되겠다장난이야 ㅋㅋ 네 몸에 안좋으니까 꼭 끊어~/너 하루에 몇 갑 피워?
780,일반 대화,ㅋㅋ 진짜 열심히 한다 하루에 몇번 들어가?시도때도 없이 들어가지
781,일반 대화,원래 시험은 벼락치기란다 ㅠㅠ근데 떨어질것 같아ㅠㅠ/날씨가 이상해서 그런가 ㅋㅋ/우중충해서 공부할 수 있는 정신이 아니여ㅜ/백신까지맞으면 끝나지 뭐ㅜㅜ ㅋㅋ/핑계 잘대지? ㅋㅋ
782,일반 대화,응 그때도 좋고 매트릭스 위에서도 사용할 수 있지하나 쯤 있으면 나쁘지 않을 것 같아
783,일반 대화,뷰가 엄청 이쁜 곳에서 해보는거지!국내에서도 함 해보는거도 좋을 듯?
784,일반 대화,웅웅 실내나 실외 다 많잖아맞아! 어디 가서 같이 운동하면 좋겠다
785,일반 대화,너는 좋아하는 야식이 뭐야?나는 예전에 닭발 많이 먹었어!
786,일반 대화,난 중학생 때부터 있었어.그런 거에 바르는 크림도 있나?
787,일반 대화,하와이 화산 폭발한 이야기 알아?헐? 하와이에 화산 폭발했어요? 저번에 스페인에 본 것 같은데
788,일반 대화,내일 1주년이라 서프라이즈 하려구오 어떤 이벤트 준비했는데?
789,일반 대화,탈색하면 힘들지 이쁘지만혼자 하느라 맘에 안들기도 했지만
790,일반 대화,저번에... 안갔어왜?
791,일반 대화,나 오늘 약간 감동받은 일이 있었어.뭐 때문에 감동받았는데?
792,일반 대화,넌 털도 많은데 두껍게 자라면 거의 유인원 아니야?맞아 하하 난 태어날때부터 털이 많았데~
793,일반 대화,언니도 스우파 프로그램 알아?당연하지 어제도 본방사수 했어 ㅋㅋ
794,일반 대화,근데 그렇게 하다가 진짜 쪼들리면 서로 싸우는 일이 많을 것 같다 ㅠㅠ웅 막 결혼 준비하면서도 엄청 싸운다자나/내 주변에도 준비하면서 마니 싸웠대 ㅜㅜ
795,일반 대화,나는 과학 실험도 시켜주고 싶고 여행도 데려가고 싶어엄청 좋은 생각이다 그럼 영재원 같은것도 보낼 생각이 있어?
796,일반 대화,내부에 더 홀리더라...ㅋㅋ 호구야 호구 나는
797,일반 대화,맞아 그래서 이름이 마을버스인가ㅋㅋ 맞아 근데 잘 이용하면 편해
798,일반 대화,무슨 치킨 제일 좋아해?나는 처갓집 슈프림 제일 좋아해~/너는?
799,일반 대화,나 원래 기아 팬이잖아 야구 보고 싶어서 그렇지기아랑 누구랑 경기하는 건데?
800,일반 대화,응 그런데 소파 바꾸면서 안마 의자도 사고 싶다고 아우성이야그런데 갑자기 왜 안마 의자에 빠지셨대?/우리 집에 안마기도 많잖아.
801,일반 대화,너 혹시 카멜레온 키워봤어?아니 안 키워봤어
802,일반 대화,맞아 ㅋㅋ 나도 맨날 하는데 요즘 안 하거든 ㅠㅠ그래서 요즘은 연장보다는 속눈썹 펌을 즐겨 해!
803,일반 대화,편세권이 제일 부러워 ㅋㅋ 우리집 주윈 논밭~아 진짜? 마트도 먼 거야? ㅠㅠ
804,일반 대화,어제 주식 10주 매수했어.어디 회사 주식인데?
805,일반 대화,현실에 있을법한 가정의 문제를 캐릭터에 풀어내서 더 몰입되고 공감가는거 같아.다 내 주변사람 얘기 같고 그래서 좋아./그게 이 웹툰의 가장 큰 묘미인 거 같아. 오늘 밤에 꼭 봐야지!
806,일반 대화,오 진짜? 대단한 사람이네 ㅋㅋ그치? 근데 문제는 그 사람은 운전할 때만 욕을 안 하더라고/평상시에 함
807,일반 대화,너는 평균보다 좋은편이니?그냥 평균 정도야
808,일반 대화,언니 차는 뭐 타고 다녀?나 지금은 소나타 타고 다녀!
809,일반 대화,근데 내가 갔을 때는 핑크뮬리 말고 볼 게 없었어!그 학교?/미술관?/그런 거 해 놓지 않아?
810,일반 대화,거기 싸다 어디야?와 거기도 엄청 싸네 ㅋㅋ 여기 대전
811,일반 대화,주택에 살아보고 싶다나도 주택에 한번도 안 살아봤는데
812,일반 대화,암튼 나 당근마켓 처음 해보는데 꿀팁 같은 거 있어?음... 일단 가격을 싸게 올려야돼!/나 이번에 엔시티 앨범 오천원에 올렸어/그것도 비싼가 했는데 바로 사더라고 하하
813,일반 대화,햄스터 영상 많이 보는데 진짜 귀여운거 같아반려동물로 키우는 사람들 많자나
814,일반 대화,ㅋㅋ 땅은 있구? ㅋㅋ 뭐 어떻게든 되겠지~그러게… ㅋㅋ 땅도 없네~/모르겠다 어케든 되겠지~
815,일반 대화,아니 진짜 내 남자친구 그런 사람 아니야.근데 너무 tmi 야.
816,일반 대화,아니 요즘은 어플로 할 수 있어어플? 비대면으로 가능하다니...!
817,일반 대화,그것도 고려해봐야겠다. 그러면 오피스텔보다는 주택 쪽을 많이 알아보는 게 좋겠지?오피스텔도 나쁘지는 않지만 아무래도 관리비도 많이 들어간다고 하더라고
818,일반 대화,요즘 유튜브에서 팩 레시피 보고 따라하는 중이야팩 매일 하면 그렇게 좋다던데
819,일반 대화,거기 야경이 끝내 준다던데 기대된다 하하거기 놀이공원도 있는데 엄청 유명한 롤러코스터도 있어!/같이 가서 타자!
820,일반 대화,나도 간 김에 머리 스타일 좀 바꾸던가 해야겠다남자들은 머리스타일 잘 안 바꾸지 않아?
821,일반 대화,택배 반품 접수해야는데 귀찮아반품? 뭐 반품하는데
822,일반 대화,응 얼른 해버려야겠어.수염관리는 어떻게 해?
823,일반 대화,와 두피에 팩하는 거야?두피는 손으로 마사지해 주셔
824,일반 대화,나 터키 안 가봤어 ㅠㅠ진짜 좋음 ㅜㅜ 날씨 안 좋아서 그 뭐여 못 탔지만
825,일반 대화,본인의 만족을 위해서 강아지를 학대하는 것은 정말 안좋아 보여아직도 그런 사람들이 있다니 진짜 못됐다.
826,일반 대화,제발 성공했으면 좋겠다 ㅠㅠ다음 달에 누리호도 발사 예정이래
827,일반 대화,엄마는 결혼 왜이리 일찍 했어?우리 세대에는 다 빨리 갔어
828,일반 대화,나 포병이었는데 분대장 교육 받으러 갔다가 거기서 나무판자 잘못 밟아서 나무판자가 부러졌는데 그대로 내 발목도 부러졌어...헐... 많이 아팠겠네... 수술한거야?
829,일반 대화,오늘 저녁 많이 먹었어?웅 오늘 저녁 완전 푸짐하게 먹었어 ㅋㅋ
830,일반 대화,타지역이겠지?웅 친구 결혼해서 친구네 집들이 갔다가 그 앞에 핑크뮬 있대서 가보려고!
831,일반 대화,말만 안했지 다를바 없어그렇게 심각한 상태야?
832,일반 대화,ㄹㅇ 전공 관련된 거 모르니까 힘들다새로 배우는 거 어렵제...
833,일반 대화,러시아 모스크바에서 세계최초로 도입됐대.정말 신기하다. 그러면 카드가 필요 없는거야?
834,일반 대화,언니는 언니가 파마 잘 어울린다고 생각해?나는 친구가 미용해 가지고 알아서 해줘
835,일반 대화,야 우리 기억력 어떡하냐 ㅜㅜ세월이 흐르긴 했나 보다 ㅋㅋ/지금만 잘 기억하면 되지 ㅎ
836,일반 대화,그치... 진짜 제트플립3 너무 사고 싶어언니 핸드폰 진짜 자주 바꾸는 거 아니야?
837,일반 대화,스킨 등급이 높진 않아서 효과는 별로야.효과 별로여도 예뻐서 갖고 싶었던 거구나.
838,일반 대화,너는 옷을 좋아해?아니 그것보다는 그래야 관리가 편할 것 같아
839,일반 대화,나도 영화는 마블이나 볼 줄 알았지 ㅎ근데 그 영화는 왜? 또 어디 소개하는 프로그램에 나왔어?
840,일반 대화,주변에 있구나... ㅋㅋ 아직 엄청 건강하시지?ㅋㅋ 네 진짜 ㅋㅋ 저보다 허벅지가 튼튼
841,일반 대화,난 사창가밖에 생각 안 나여행 코스가 기억이 안 낰 ㅋㅋ/헐? 사창가?
842,일반 대화,암튼 좀 덜 피곤한 것 같아.앞으로 잘 챙겨먹어.
843,일반 대화,우리 집 강아지가 엄청 졸린가봐이번에도 식탁 앞에서 꾸벅꾸벅 조는구나
844,일반 대화,나 애호박전 좋아해 건강에 좋대서 챙겨먹어기름에 튀기는데도 괜찮나
845,일반 대화,넌 맛있었어?응응 나는 곱창 좋아해~/한번 먹고 빠지면 못 헤어 나올걸? ㅋㅋ
846,일반 대화,그치 모든걸 보여주는 기분이야둘 중에 누가 더 벌까?
847,일반 대화,오 왜 기억에 남는 거야? 하하그땐 어렸어서 내가 말썽이 쫌...^^/여선생님이랑 많이 부딪쳐서 기억이 남나 봐 하하/남선생님은  많이 이끌어주셨던 게 기억이 남는 거 같애
848,일반 대화,베르세르크는 완결이 나기는 하려나?작가가 별세하지 않았나?
849,일반 대화,"그래서 서울시에서 문화가 있는 버스 정류장을 만들어 가고 있대우리는 경기도에 사니까 잘 못본 것 같아, 어떤식으로 운영 중이래?"
850,일반 대화,"나는 숨쉬기 걷기 살기 운동,?아니/숨쉬기가 무슨 운동이야 ㅋㅋ"
851,일반 대화,아 세대주 동무가 받는군 하하벌써 다 쓰고 없음 ^^
852,일반 대화,그래 지하철에서는 공익이 실세라던데 ㅋㅋ 변태 퇴치용으로맞아 공무원들이 그렇게 하면 신고한다고 협박당한대
853,일반 대화,다들 나이가 들면서 언니나 누나 있는게 젤 좋다고 한대어 ㅋㅋ 진짜 내 인생에 도움을 주는 형제는 언니나 누나가 유일해
854,일반 대화,주변에 군대 가는 사람 있어?나는 다 제대 했지
855,일반 대화,약간 대행해주는 사람도 민망할정도로 떡락햇어...진짜 주식같다 주식...
856,일반 대화,응 우리 아빠 부동산에 관심이 많아서 하하 필요하면 말해~그래주면 나야 고맙지 하하
857,일반 대화,엇 아닐껄? 더 길었던 거 같은뎅아 배민같은 걸로 주문하고?/아 그래? 길면 다행이구 ㅋㅋ
858,일반 대화,"난 재밌더라ㅋㅋ 잉 난 완전 노잼이었는데,"
859,일반 대화,"할인 한다고 그래서 전화해봤는데 기분만 나빠졌어.그러니까, 내가 다니는 헬스장은 괜찮은데 한 번 구경 와 봐."
860,일반 대화,그치? ㅋㅋ 나도 이번이 마지막일 거 같아점 빼고 집에서 홈 케어하자!
861,일반 대화,역시 스트레스가 모든 병의 원인인가봐맞아 나도 저번에 스트레스 받는 일 있었는데 그 때 몸 장난아니게 안 좋았어
862,일반 대화,큰일 났어또 무슨 큰일이 난거야
863,일반 대화,나는 도로 연수만 하려는데!웅 개도 연수만 했는데 50만 원 줬다고 했어!
864,일반 대화,"그건 아닌데, 가족들이랑 다른 부분은 별로 안 닮아서 깊게 생각해 본적이 없었어.코 빼고 다른 부분은 많이 안 닮았지."
865,일반 대화,나는 장우산 들고 다녀서 더 귀찮아.접이식 우산은 싫어해?
866,일반 대화,와 ... 집이 무슨 간지 ㅋㅋㅋㅋ 말만 들으면 그런 거지 머
867,일반 대화,치킨 오면 먹으면서 보려고 기다리는중치킨에 대탈출이라.../완벽하네
868,일반 대화,ㅋㅋ 근데 실력이 꽝이라 다 들킬 듯ㅋㅋ 날씨도 좋은데 빨리 여수가 가자~
869,일반 대화,오사카 갔어 그때 행복했는데거기서 맛있는거 많이 먹고 왔어?
870,일반 대화,응응 알겠어 조언도 같이 전해줄게 하하그래 하하 친구네 커플 좋은 여행 보내길 바라
871,일반 대화,뼈를 눌러서 아픈데 그만큼 효과 본 사람도 있나봐.발목을 효과 본 사람도 있데?
872,일반 대화,국내여행가면 먹는재미인가?먹는것도 하고 체험도 하고 그러지
873,일반 대화,하... 진짜 계속 맑은 날이다가 내가 갈 때 비옴... 진짜 나 미워하나?ㅋㅋ 아... 그래서 매번 사진을 건질 수가 없죠
874,일반 대화,다들 결혼은 어떻게 할까?좋은 사람 있음 하는 거지.
875,일반 대화,그래도 나중에 시험은 잘 봤다니 다행이었어보람이 있긴 했겠다.
876,일반 대화,그럼 난 축구 잘 하니까 당연한걸?!그럼 다음에 계속 응원하러 가야겠네
877,일반 대화,면허 딴 지 얼마나 됐어이제 1년 넘었지
878,일반 대화,나 오늘 봉사상 받았어 나 봉사매니아지~ ㅋㅋ평소에 봉사 많이 다녔나보네!/주로 어디로 갔어?
879,일반 대화,음 나는 그 때 가도 좋을 것 같아오호 나는 생각해볼게 ㅋㅋ
880,일반 대화,그럴땐 그냥 지하철 타야겠다맞아 그것 밖에 답이 없어
881,일반 대화,참기름 고추 가루 김치 그런 거 ㅋㅋ하핳하 나와 비슷하구나 ^^ 우리는 달걀
882,일반 대화,같이 출연한 신동엽 아저씨는 어쩔 거야 ㅜ그래도 제일 승자는 도미노 피자네 ㅋㅋ
883,일반 대화,애기가 어려서 데려오진 못하겠다 ㅠㅠ포메라니안이거든 털이 많이 빠져서 안될 것 같아 ㅜ
884,일반 대화,너도 썰매사라~썰매 타러 너희 동네까지 가기는 너무 멀잖아 ㅜㅜ
885,일반 대화,근데 우리 학교는 다 깨워ㅋㅋ 와... 연설 왜 들어야 되는지 아직도 난 모르겠어 ㅠㅠ
886,일반 대화,완전 대박이지? 진짜 길이 꽉 막혔어진짜 서울 퇴근길은 지옥이야
887,일반 대화,나는 엄청 자주해서 저번달에만 10번 거래했어 ㅋㅋ우와 주로 뭘 그렇게 팔아? ㅋㅋ
888,일반 대화,너무 무서운 걸 어떡해.한번 타고 나면 괜찮아.
889,일반 대화,그니까... 연경선수는 이제 리그경기는 못보겠지만 ㅜㅜ연경선수 보려면 유투브로 봐야하는건가요...
890,일반 대화,영화도 보고 만화도 보면 하루 그냥 지나가 있어맞아 집에서는 영화 만화 보는 것만큼 행복한 게 없어
891,일반 대화,그 유니버스 갓 텔런트도 몰라?난 그런 거 몰라.../뭔데...
892,일반 대화,우리 토요일에 영화 뭐 볼래?싱크홀 어때 ?
893,일반 대화,그럼 코난 마지막회 나왔어?아니 아직 10년 넘게 된것같은데도 계속 나오는 것 같아 ㅋㅋ 주인공들은 늙질않고 나만 늙어가 ㅋㅋ
894,일반 대화,음 너는 시간이 언제가 비어?나는 다음 주 주말 시간 돼 너는?
895,일반 대화,나야 좋지 뭔지 알려줄 수 있어?피아노 타일이라는 게임인데 리듬스타랑 비슷해
896,일반 대화,떨린다 ㅋㅋ 그땐 날씨도 딱 좋아!ㅋㅋ 맞아 지금 날씨도 좋아서 가기 좋을 거 같아 하하
897,일반 대화,정부에서 유류세 인하한대유류세 인하가 뭐야?
898,일반 대화,ㅋㅋ 진짜로 우리 언니 고모랑 판박이야!ㅋㅋ 너는?/너는 누구 닮았어
899,일반 대화,오 닭가슴살로 그렇게 먹어도 괜찮지콜라닭 그런거? 어떠신가요?/베트남 고추 넣고
900,일반 대화,응 명함도 받아왔어!잘했네
901,일반 대화,애들한테 물어봤는데 군대생활 그래도 많이 편해졌다고 하더라나는 군인들 식사 좀 잘 나왔으면 좋겠더라/나라를 위해서 힘써주시는데
902,일반 대화,아직 본 영화를 못 봐서 그렇네!ㅋㅋ 웅 내가 한번 봐볼게 액션영화 말고 재난영화는 안 좋아해?
903,일반 대화,ㅋㅋ 나도 묻고 싶은 말인데?결혼식... 상상이 안 가는데 ^^.../아직은 익숙한 단어는 아니야 ㅋ
904,일반 대화,눈썹 문신?눈썹 숱 치는거!/이건 안해주나...?
905,일반 대화,저도 cgv에서 보고 메가박스에서 한번 더 봤었습니다 !대신 낯간지러워서ㅋㅋ그 싱어송 영화관 거기는 안갔습니다ㅋㅋ/애들이 다같이 마마!한다고 해서ㅋㅋ/부산도 막 노래 따라부르는 영화관 있었나요?
906,일반 대화,일호선이 제일 사람 많은 거야?응응 아무래도 그렇지
907,일반 대화,어제 배운 것도 나는 제대로 못했어.그럼 집에서 매일 연습해야겠다.
908,일반 대화,기상청도 알 수 없는 예보다 솔직히 ㅋㅋ맞어. 기상청도 100%맞추긴 어렵겠지 하늘의 날씨를 ㅜㅜ
909,일반 대화,한국에 있을 때는 몰랐는데 외국에 가보니 우리나라 교통이 얼마나 잘 되어있는지 알겠더라그래서 정말 좋은 것 같아
910,일반 대화,나 지금 해외여행 어디로 갈지 고민 중이야 하하오 여행 가?/액티비티 좋아해?
911,일반 대화,그치 ㅋㅋ  불과 몇 달 안돼서 그랬네ㅠㅠ 아마 범인은 못 잡는 거겠지?...
912,일반 대화,아이고ㅠ 나만 죽는 소리 할게 아니였네ㅠㅠ지금 취준생들 비율도 높고 관련 기사들도 많이 올라오는 거 봤었어ㅠ
913,일반 대화,응 마블과 계약하기 전에 만들어진 스파이더맨도 있어.오 그럼 주인공도 달라?
914,일반 대화,남편이 그닥 미안해하지 않음아 뭐지 미안해하셔야 하는데. 참 무뚝뚝하신 분 같아요 ㅜ
915,일반 대화,벌써 눈이 오다니.아직 눈 안왔어.
916,일반 대화,너희 집에서 10분 정도 더 걸으면 될 거야ㅋㅋ 나도 다녀볼까... 몸의 건강과 정신의 건강을 동시에 잡는 걸 노리겠어...
917,일반 대화,그니까 뭐래?앞으로 신경 쓰겠대
918,일반 대화,그냥 오메가3 하나 사서 먹어볼까?!그것도 좋을 것 같아 피곤하면 더욱더 챙겨 먹어야 해~
919,일반 대화,아빠와 등산을 자주 다녔었어오 어렸을 때 이야기니?
920,일반 대화,ㅋㅋ 아 2차 백신 언제 맞았대? 그 오빠는?몇일전에 ㅋㅋ 갑자기 날짜 확 땡겨서 맞았다고 하더라
921,일반 대화,꼭 끝날 때쯤 깨 ㅋㅋㅋㅋ 웃기다 지루해서 그런가 봐
922,일반 대화,혹시 오늘 밖에 나갔다 왔어?아니 좀 나중에 나가보려고~
923,일반 대화,"응, 그래서 쳇바퀴도 많이 돈 건 아니고, 조금 돌다가 가만히 있다가 그랬어그랬구나. 뭐 햄스터 키우려고 해도 그 건강 같은 것 꼼꼼히 알아봐야 되겠어"
924,일반 대화,고슴도치 키우는 사람도 있더라? 하하오 고슴도치 귀여운데 벌레먹어서 하하
925,일반 대화,그러게 요즘 몸이 여기저기 안좋네.그러면 안 되지. 지금부터라도 관리해
926,일반 대화,캠핑 가봤나?난 삼촌이랑 자주 다니지
927,일반 대화,강릉은 되나?안될걸…ㅠ/내가 빠질게/내친구들이랑 먹고 와 ㅋㅋ
928,일반 대화,너 감자 좋아해?감자? 그냥 좋지!
929,일반 대화,오 진짜? 백종원도 바뀌나?ㅋㅋ 그냥 제주도 프로젝트?
930,일반 대화,나 오늘 현대차 전시회 갔다왔어.아그런것도 있어?
931,일반 대화,날씨애매하게잉 지금이딱나시부터 야상까지다입는시기 ㅋㅋ어어 공감/뭘입어도 춥지도 덥지도 않어
932,일반 대화,감기 걸려서 약만 타러 간 건데 ㅋㅋ자기 또 주사 맞는지 알았나봐 ㅠㅠ
933,일반 대화,키가 작아서 그게 낫더라외관상 이뻐보여
934,일반 대화,맞아 이제 반바지는 다 빨아서 넣어둬야겠어.나도 긴바지랑 긴팔옷을 꺼내놔야겠다.
935,일반 대화,아 전참시를 안봐서 ㅠ 이번달 말에는 007 시리즈도 개봉하더라007 누구나와요…?안봤는데 마블시리즈도 다안보고 ㅎ
936,일반 대화,나도 월세지 진짜 세 나갈 때마다 돈 아까워 ㅠㅠ그러게 돈 버는 건 어려워도 나갈 곳이 너무 많다 그치... ㅠㅠ
937,일반 대화,뭔가 재미가 없더라고.다른 이유가 있어?/그렇구나. 내가 게임 추천해줄까?
938,일반 대화,그니까 진짜 절기가 옛날 계절 지표인데도 아직도 정확해아 진짜로? 난 매년 새로 갱신하는 건 줄 알았어 ㅋㅋ
939,일반 대화,남자친구랑 가면 더 좋을거야고마워 네 덕에 좋은 곳을 알게됐다
940,일반 대화,웅 맞아 ㅋㅋ 드라이브도 괜찮은 것 같아맞아 나 가끔 호수공원 드라이브 가 하하
941,일반 대화,"그래야겠어요 ㅋㅋ 면허를 너무 쉬울 때 따서 이게 문제인 듯해요 ㅋㅋ지금은 진짜 강화됐다던데 ㅠㅠ 그래도 사고 생각하면 어려워지는 게 맞긴 해요,"
942,일반 대화,오늘 확진자 확 줄었넹오 신기하다
943,일반 대화,필수 필수! ㅋㅋ 거기 네 컷 사진관도 많이 생겼더라고요 ㅋㅋ헐 네 컷 사진관은 발견 못했는데 ㅠㅠ 아쉽다
944,일반 대화,골키퍼는 너밖에 없었니?응 다들 싫어해서 내가 독차지 했었어
945,일반 대화,"미국 캘리포니아에서 올해 폭우로 많은 일이 있었잖아맞아, 전세계적으로 올해 비가 많이 온 것 같아"
946,일반 대화,어허 너 아맞다 누나 그 스벅 물품 봉투에 든거 뭐임아 그거 전등
947,일반 대화,그렇구나 좋다응 꿀팁들이 많아서 더 좋아
948,일반 대화,다 그러니 믿는다리맞다리용
949,일반 대화,자신감있게 겨드랑이를 보일 수 있찌ㅋㅋ 지금도 충분해보이던데?/어디 병원가려고?
950,일반 대화,가습기 빵빵하게 트는데도 그러네ㅠ난 그리고 팔뚝도 다 텃어
951,일반 대화,나는 자꾸 노크도 안하고 문 열고 들어와서 너무 내 생활이 없는 기분이 드는 게 제일 힘들어.나는 택배 많이 시키잖아./그 때 마다 택배 그만 시키라고 하는 게 제일 싫어.
952,일반 대화,지금이라도 다니게아예 없어졌을 듯/너무 오래 전이라 ㅠㅠ
953,일반 대화,여행 계획 하고 있는 거 있어요?다음 주에 제주도 여행 잡혀있어요 하하
954,일반 대화,오늘은 방청소 했어.방청소하고 나니까 속 후련하겠다.
955,일반 대화,토끼가 나 자고 있을 때 앞머리 갉아먹으면 어쩌지?그래도 반려동물이니까 사랑으로 감싸줘야지.
956,일반 대화,다시 처음 부터 정주행 해봐야겠다맞아 그거 완전 강추한다고!
957,일반 대화,엄마 건축사 물어봤나.아 맞다 아니./엄마를 못 만나고 나왔네.
958,일반 대화,동생들 왔다며 끌고 나가 ㅋㅋㅋㅋ 귀찮아... 나가도 혼자 나갈래 ㅋㅋ
959,일반 대화,하하 그래서 스테디 셀러를 사면 괜찮은거같아맞아 나도 담엔 가서 건져야지!
960,일반 대화,오늘 오다가 사고 날 뻔했어헐 어쩌다가 괜찮아?
961,일반 대화,진짜 무좀이면 어떡하지 ㅠㅠ뭘 어떡해 치료하면 금방 나을거야~
962,일반 대화,ㅋㅋ 그럼 오빠가 주 양육자야?아니 본가에 두고 튀꼈어 ㅋㅋ
963,일반 대화,근데 요가랑 필라테스는 유연성이 있어야 하지 않아?맞아 그런 거 같애 아무래도 그거 없음 힘들 거 같아
964,일반 대화,그치? 아직 우리나이대에 벌써 아파트 전세값 걱정은 안해도 될것 같고...맞아! 아직 전세니 공공임대니 잘 모르기도 하고
965,일반 대화,맞아 ㅠㅠ 딱 그거야.그래도 기왕 받은 거 기분 좋게 써!/그래도 기왕 받은 거 기분 좋게 써!
966,일반 대화,노는언니에서 당구선수 나와서 당구기술 가르쳐주는데어 나도 노는 언니 보는데/와 당구편이 있었구나
967,일반 대화,오 하하 넌 얼마주고 샀어?난 5000원 주고 샀어 ㅋㅋ/근데 퀄리티가 대박이야
968,일반 대화,나 우리 형 결혼식 가는 중이야 ㅋㅋ헐 오늘 결혼하시는 거야? 대박!
969,일반 대화,개웃겨 출첵 안해도될거같은데무신사에서 맘에 드는거 찾기가 힘들어 ㅋㅋ
970,일반 대화,아 진짜? 어떤 거였는데?그 티셔츤데 콜라보한 제품이였어
971,일반 대화,난 뭐 최고는 멕시코랑 엘에이로 꼽지 ㅋㅋ와 나도 남미 가고 싶은데 거기 위험하다매
972,일반 대화,내가 사는 도시 바로 옆 도시야.먼 것 같기도 하고 가까운 것 같기도 하네.
973,일반 대화,최근에 병원 간 적은 없지?있어 ㅠ 수술한 적 있었어 ㅜㅜ
974,일반 대화,그걸 모르겠어 한번 찾아봐야겠다지킬앤하이드는 하는거 같던데
975,일반 대화,우리 어릴때는 태풍 매미 막 이런거 엄청 난리여서 학교도 못갔잖아맞아맞아 기억난다 그떄 진짜 나무 넘어지고 자연의 신비였어/인간은 자연앞에 진짜 미물일 뿐 인 것 같아 이럴때마다
976,일반 대화,하하 한번 날 잡아서 놀러 갔다가 사진도 많이 찍고 와 ~응 하하 가족 사진도 찍어야 겠다 이참에
977,일반 대화,앱에서 찾기도 하고 사회봉사단체에 전화도 했었어...이번에도 전화해서 해보면 되지 않을까?
978,일반 대화,나 요즘 다이어트 할까 고민이야!왜? 살이 너무 많이 쪄서?
979,일반 대화,"이제 너무 추워져서 침구를 바꾸려고 했는데 작년에 쓰던게 너무 낡았더라고응, 그래서 이번에 새로 하나 장만하자고 엄마가 그러더라"
980,일반 대화,일회용품도 막 써서그러니까 쓰레기 깉은것도 줄여야돼/지구온난화 때문에 전세계적으로 이상기후가 생기고 있대
981,일반 대화,헛 ㅜㅜ 아직 남긴 했네... 무조건 집에 있어!네 ㅜㅜ 그때는 일 다 빼고 쉬기만 하려고요 ㅜㅜ
982,일반 대화,요즘 라운드 숄더 아닌 사람이 없는 것 같아라운드 숄더가 뭐야?
983,일반 대화,이제는 다 포기해버렸어... 난 외국 갈 팔자가 아닌가 봐야 나 1년 될 때 ㄹㅇ 퇴사 할 거거든? 그때 가까운 데라도 가자
984,일반 대화,그렇게 데려온 지 얼마나 됐어?지금 1년 조금 넘었어! ㅋㅋ
985,일반 대화,신발... 대신 좀 해줘라 너가...신발 사이즈가 안 맞는 거야?
986,일반 대화,나 다이어트 시작할려는데 뭐부터 해야될까?내 생각은 운동부터 시작하는게 맞는거 같아
987,일반 대화,"와 이 언니 뭐야, 완전 엘리트,아냐... 죽어라 공부하면 다 되나 바 벼락치기였어"
988,일반 대화,요즘 너무 더워서 맨날 커피마신다무슨 커피 마셔? 아메리카노?
989,일반 대화,거기서 나온 오프닝 영상 봤어?만두가족 이야기?
990,일반 대화,나도 깔아 놓을게...오케이 그럼 나랑 같이 사냥 다니자꾸나 ^^~
991,일반 대화,응~ 드라이기 좋은 거 나왔길래 거래하려고. 게다가 상대방 회사가 우리 집 근처 라더라.아~ 그 분 퇴근 시간 후에 만나면 되겠네.
992,일반 대화,우리 엄마는 신세대인 것 같아어떤 점 때문에 그렇게 생각해?
993,일반 대화,나 최근에 엄청 싸게 사는 중국 사이트 알아서 대량으로 샀거든 ㅠㅠ나도 되게 쉬운 마음으로 한 철 입고 버리지~ 하면서 많이 삼 ㅠㅠ
994,일반 대화,흠 아마 올해 안이면 좋겠는데 하하하하 그때되면 말해주렴 하하
995,일반 대화,생각 좀 해봐야겠어 ㅋㅋ 귀가 얇아서 위험해ㅋㅋ 앗 그러면 나라도 말려줘야 하나
996,일반 대화,이번 명절에 기차 타고 내려가?아~ 이번에는 비행기 타보려구
997,일반 대화,난 요즘 인테리어에 관심이 많아졌어 ㅋㅋ오 ㅋㅋ 언니 집 꾸미는 거 좋아해요? ㅋㅋ
998,일반 대화,웅 그런가...? 아닌거같은데솔직히 난 평균이라고 생각해
999,일반 대화,계약서를 잘 봐야해.이상한 부분 있나 잘 봐.
